-- phpMyAdmin SQL Dump
-- version 4.9.0.1
-- https://www.phpmyadmin.net/
--
-- Host: 127.0.0.1
-- Waktu pembuatan: 18 Nov 2021 pada 14.02
-- Versi server: 10.4.6-MariaDB
-- Versi PHP: 7.3.9

SET SQL_MODE = "NO_AUTO_VALUE_ON_ZERO";
SET AUTOCOMMIT = 0;
START TRANSACTION;
SET time_zone = "+00:00";


/*!40101 SET @OLD_CHARACTER_SET_CLIENT=@@CHARACTER_SET_CLIENT */;
/*!40101 SET @OLD_CHARACTER_SET_RESULTS=@@CHARACTER_SET_RESULTS */;
/*!40101 SET @OLD_COLLATION_CONNECTION=@@COLLATION_CONNECTION */;
/*!40101 SET NAMES utf8mb4 */;

--
-- Database: `9_db_fortran`
--

-- --------------------------------------------------------

--
-- Struktur dari tabel `angkatans`
--

CREATE TABLE `angkatans` (
  `idAngkatan` int(11) NOT NULL,
  `namaAngkatan` varchar(50) NOT NULL
) ENGINE=InnoDB DEFAULT CHARSET=utf8;

--
-- Dumping data untuk tabel `angkatans`
--

INSERT INTO `angkatans` (`idAngkatan`, `namaAngkatan`) VALUES
(1, '2016'),
(2, '2017'),
(4, '2018'),
(5, '2020'),
(6, '2021'),
(999, '9999');

-- --------------------------------------------------------

--
-- Struktur dari tabel `kategoris`
--

CREATE TABLE `kategoris` (
  `idKategori` int(11) NOT NULL,
  `kategori` varchar(50) NOT NULL,
  `nilai_kategori` int(11) NOT NULL,
  `jenis_kategori` enum('individu','kelompok','angkatan') NOT NULL,
  `kategori_wajib` tinyint(1) NOT NULL
) ENGINE=InnoDB DEFAULT CHARSET=utf8;

--
-- Dumping data untuk tabel `kategoris`
--

INSERT INTO `kategoris` (`idKategori`, `kategori`, `nilai_kategori`, `jenis_kategori`, `kategori_wajib`) VALUES
(1, 'Mengumpulkan tugas individu, namun tidak sesuai ke', 1, 'individu', 1),
(2, 'Mengumpulkan tugas individu dan sesuai ketentuan ', 2, 'individu', 1),
(3, 'Mengumpulkan tugas individu, sesuai ketentuan dan ', 3, 'individu', 1),
(4, 'Tidak atau terlambat mengumpulkan tugas individu ', -10, 'individu', 0),
(5, 'Menggunakan atribut sesuai yang ditentukan ', 1, 'individu', 1),
(6, 'Mendapatkan atribut terbaik pada minggu ke 3 ', 2, 'individu', 1),
(7, 'Tidak Menggunakan atribut sesuai ketentuan ', -10, 'individu', 0),
(8, 'Logbook Mingguan ', 2, 'individu', 1),
(9, 'Keaktifan individu ', 1, 'individu', 1),
(10, 'Kehadiran FORTRAN ', 1, 'individu', 1),
(11, 'Melakukan salah satu jenis pelanggaran berat ', -20, 'individu', 0),
(12, 'Keterlambatan individu ', -10, 'individu', 0),
(13, 'Tidak hadir dengan surat ', -10, 'individu', 0),
(14, 'Etika ', -10, 'individu', 0),
(15, 'Tidak mengerjakan tugas Logbook ', -20, 'individu', 0),
(16, 'Tidak menyelesaikan tugas Logbook ', -10, 'individu', 0),
(17, 'Tidur atau membuat kegaduhan selama acara berlangs', -15, 'individu', 0),
(18, 'Memakai filter, aksesoris atau make up berlebihan ', -10, 'individu', 0),
(19, 'Mengumpulkan tugas kelompok, namun tidak sesuai ke', 1, 'kelompok', 1),
(20, 'Mengumpulkan tugas kelompok dan sesuai ketentuan ', 2, 'kelompok', 1),
(21, 'Mengumpulkan tugas kelompok, sesuai ketentuan dan ', 3, 'kelompok', 1),
(22, 'Tidak atau terlambat mengumpulkan tugas kelompok ', -15, 'kelompok', 0),
(23, 'Mengumpulkan tugas proposal atau video presentasi ', 3, 'kelompok', 1),
(24, '3 besar Gemastik/PKM ', 2, 'individu', 1),
(25, 'Pemenang ', 2, 'individu', 1),
(26, 'Mendapatkan atribut terbaik pada minggu ke 4 ', 2, 'kelompok', 1),
(27, 'E-Book Mingguan ', 3, 'kelompok', 1),
(28, 'Menghubungi panitia di luar jam yang sudah ditentu', -10, 'kelompok', 0),
(29, 'Keterlambatan kelompok ', -5, 'kelompok', 0),
(30, 'Tidak mengerjakan tugas E-Book ', -20, 'kelompok', 0),
(31, 'Tidak menyelesaikan tugas E-Book ', -10, 'kelompok', 0),
(32, 'Keaktifan angkatan ', 1, 'angkatan', 1),
(33, 'Problem Solving ', 1, 'angkatan', 1);

-- --------------------------------------------------------

--
-- Struktur dari tabel `kelompoks`
--

CREATE TABLE `kelompoks` (
  `idKelompok` int(11) NOT NULL,
  `namaKelompok` varchar(100) NOT NULL,
  `idAngkatan` int(11) NOT NULL
) ENGINE=InnoDB DEFAULT CHARSET=utf8;

--
-- Dumping data untuk tabel `kelompoks`
--

INSERT INTO `kelompoks` (`idKelompok`, `namaKelompok`, `idAngkatan`) VALUES
(1, 'Visual studio code (VSC)', 1),
(2, 'Atom', 1),
(3, 'Bluefish\r\n', 1),
(4, 'Vim\r\n', 1),
(5, 'Emacs\r\n', 1),
(6, 'Brackets\r\n', 1),
(7, 'Geany\r\n', 1),
(8, 'Froala\r\n', 1),
(9, 'Kite\r\n', 1),
(10, 'Intype\r\n', 1),
(11, 'Gedit\r\n', 1),
(12, 'IntelliJ\r\n', 1),
(13, 'Pycharm\r\n', 1),
(14, 'Netbeans\r\n', 1),
(15, 'Sabayon', 1),
(16, 'PuppyLinux', 1),
(17, 'Fedora', 1),
(18, 'TurboLinux', 1),
(19, 'Lycoris', 1),
(20, 'Test', 2),
(181, 'Bash', 4),
(182, 'Pascal', 4),
(183, 'XML', 4),
(184, 'HTML', 4),
(185, 'Ruby', 4),
(186, 'CSS', 4),
(187, 'Eiffel', 4),
(188, 'Objective C', 4),
(189, 'Javascript', 4),
(1810, 'Delphi', 4),
(1811, 'Assembly', 4),
(1812, 'Haskell', 4),
(1813, 'C++', 4),
(1814, 'Python', 4),
(1815, 'Visual Basic', 4),
(1816, 'PHP', 4),
(1817, 'Hotline', 4),
(1818, 'Java', 4),
(1819, 'Foxbase', 4),
(1820, 'SQL', 4),
(1821, 'Swift', 4),
(1822, 'Cobol', 4),
(1823, 'Golang', 4),
(1824, 'Unix Shell', 4),
(2001, 'Waterfall', 5),
(2002, 'V-Shaped', 5),
(2003, 'Prototype', 5),
(2004, 'Incremental', 5),
(2005, 'Spiral', 5),
(2006, 'Agile', 5),
(2007, 'XP (Extreme Programming)', 5),
(2008, 'Scrum', 5),
(2009, 'Big bang', 5),
(2010, 'Fountain', 5),
(2011, 'Itterative', 5),
(2012, 'Crystal', 5),
(2013, 'RAD (Rapid Application Development)', 5),
(2014, 'RUP (Rational Unified Process)', 5),
(2015, 'FDD (Feature Driven Development)', 5),
(2020, 'Intype', 6),
(2101, 'Visual Studio Code (VSC)', 6),
(2102, 'Atom', 6),
(2103, 'Bluefish', 6),
(2104, 'Vim', 6),
(2105, 'Emacs', 6),
(2106, 'Brackets', 6),
(2107, 'Geany', 6),
(2108, 'Froala', 6),
(2109, 'Kite\r\n', 6),
(2110, 'Intype', 6),
(2111, 'Gedit', 6),
(2112, 'IntelliJ', 6),
(2113, 'Pycharm', 6),
(2114, 'Netbeans', 6),
(9999, 'RESIGN', 999),
(99999, 'Testing', 999);

-- --------------------------------------------------------

--
-- Struktur dari tabel `links`
--

CREATE TABLE `links` (
  `id` int(11) NOT NULL,
  `name` varchar(255) NOT NULL,
  `url` varchar(255) NOT NULL,
  `color` varchar(10) NOT NULL,
  `created_at` timestamp NULL DEFAULT NULL,
  `updated_at` timestamp NULL DEFAULT NULL
) ENGINE=InnoDB DEFAULT CHARSET=latin1;

-- --------------------------------------------------------

--
-- Struktur dari tabel `mahasiswas`
--

CREATE TABLE `mahasiswas` (
  `nim` varchar(12) NOT NULL,
  `nama` varchar(50) NOT NULL,
  `idKelompok` int(11) NOT NULL,
  `nilaiAkhir` int(11) NOT NULL,
  `updated_at` datetime DEFAULT NULL
) ENGINE=InnoDB DEFAULT CHARSET=utf8;

--
-- Dumping data untuk tabel `mahasiswas`
--

INSERT INTO `mahasiswas` (`nim`, `nama`, `idKelompok`, `nilaiAkhir`, `updated_at`) VALUES
('122410101106', 'Dinda Nurmawati', 20, 0, NULL),
('1233', 'Dummy Tester 2', 99999, 13, '2018-08-29 07:42:05'),
('1234', 'Dummy Tester', 99999, 133, '2018-08-31 01:31:02'),
('132410101060', 'Andry Dermawan', 20, 0, NULL),
('152410101005', 'desy erlta sari', 4, 0, NULL),
('152410101138', 'yuli prasetyo', 5, -2, '2018-08-31 02:29:03'),
('162410101001', 'KHARISMA AHMAD PRADANA', 12, -2, '2018-08-31 02:29:08'),
('162410101002', 'ALFATUR RIGASARI', 4, -2, '2018-08-31 02:29:02'),
('162410101003', 'RISKY MELDINA', 15, -2, '2018-08-31 02:29:11'),
('162410101004', 'ANUGRAHA FRAYSTI ISTIGHFARIN', 7, -2, '2018-08-31 02:29:04'),
('162410101005', 'UDIL ULUM', 15, -2, '2018-08-31 02:29:11'),
('162410101006', 'RAMADHANY AISYAH RAKHIM', 3, -2, '2018-08-31 02:29:01'),
('162410101007', 'BRIAN RIZQI PARADISIACA DARNOTO', 16, -2, '2018-08-31 02:29:11'),
('162410101008', 'RIZKI PERSADA MUKTI', 9, -2, '2018-08-31 02:29:06'),
('162410101009', 'AKHMAD DANI MUNIF', 12, -2, '2018-08-31 02:29:09'),
('162410101010', 'AHMAD SONNY PRANATA', 12, -2, '2018-08-31 02:29:09'),
('162410101011', 'DHIMAS MAULANA', 6, -2, '2018-08-31 02:29:04'),
('162410101012', 'ASTRIANING UCHA PUSPAMEILIA', 12, -2, '2018-08-31 02:29:09'),
('162410101013', 'ANASH HERDIANSYAH', 8, -2, '2018-08-31 02:29:05'),
('162410101014', 'TATIANA HEDYTA', 16, -1, '2018-08-31 02:28:21'),
('162410101015', 'YULIA DEWI MARISKA', 14, -2, '2018-08-31 02:29:10'),
('162410101016', 'SISKA IMANDASARI', 4, -2, '2018-08-31 02:29:02'),
('162410101017', 'YULIA LAILATUL UHDIYAH', 6, -2, '2018-08-31 02:29:04'),
('162410101018', 'ILHAM ERZAN', 18, -2, '2018-08-31 02:29:13'),
('162410101019', 'IKA RICHA SAVITRI', 17, -2, '2018-08-31 02:29:12'),
('162410101020', 'DELLA NOFITASARI', 7, -2, '2018-08-31 02:29:04'),
('162410101021', 'RICO APRIL NANDO', 17, -2, '2018-08-31 02:29:12'),
('162410101022', 'WAHYU AHMAD FIRDAUS', 8, -2, '2018-08-31 02:29:05'),
('162410101023', 'NAVISATUL SHOLIKHAH', 11, -2, '2018-08-31 02:29:07'),
('162410101024', 'EVA WATI ASRI MAWADDAH', 19, -2, '2018-08-31 02:29:15'),
('162410101025', 'SARAH TYAS PRADIPTA', 16, -2, '2018-08-31 02:29:12'),
('162410101026', 'JOSEPH CHRISTIAN SARAGIH', 10, -2, '2018-08-31 02:29:07'),
('162410101027', 'BRILLIAN ROFIQ FAWWAZY', 4, 0, NULL),
('162410101028', 'NOVICA SINTA WEDA', 18, -2, '2018-08-31 02:29:13'),
('162410101029', 'MOH. IZUL FIQRI', 3, -2, '2018-08-31 02:29:01'),
('162410101030', 'FOURRISKA MUKTI NURYASINTA SARI', 11, -2, '2018-08-31 02:29:08'),
('162410101031', 'RAVINDA LADY PARLINDUNG', 14, -2, '2018-08-31 02:29:10'),
('162410101032', 'MUHAMMAD RIZAL FADILLA', 11, -2, '2018-08-31 02:29:08'),
('162410101033', 'NASYIHEN AINUN NAJJIMMI', 8, -2, '2018-08-31 02:29:05'),
('162410101034', 'FARIDANI ISLAMI BAIDU', 18, -2, '2018-08-31 02:29:13'),
('162410101035', 'AYU PJI ASTUTIK', 17, -2, '2018-08-31 02:29:12'),
('162410101036', 'KHODJAH', 16, -2, '2018-08-31 02:29:12'),
('162410101037', 'DESTRY AYU', 4, -2, '2018-08-31 02:29:02'),
('162410101038', 'ARIZAL TANTOWI', 2, -2, '2018-08-31 02:29:01'),
('162410101039', 'ALMAS NAJLA', 9, -2, '2018-08-31 02:29:06'),
('162410101040', 'MOH IRFAN AL GHIFARI', 14, -1, '2018-08-31 02:29:10'),
('162410101041', 'KARIM HIDAYAHTULLOH', 11, -2, '2018-08-31 02:29:08'),
('162410101042', 'BAREP JATI KUSUMA', 3, -2, '2018-08-31 02:29:02'),
('162410101043', 'JUNIOR SHEFRIAN PAMUNGKAS', 6, -2, '2018-08-31 02:29:04'),
('162410101044', 'ERIK RAZASYAH FAHLEFI', 18, -2, '2018-08-31 02:29:13'),
('162410101045', 'MOCH. REGY PANGESTU', 16, -2, '2018-08-31 02:29:12'),
('162410101046', 'USI LUSIANA DEWI', 7, -2, '2018-08-31 02:29:05'),
('162410101047', 'PUTRI KHARISMA DWI CAHYUNIA', 10, -2, '2018-08-31 02:29:07'),
('162410101048', 'MUHAMMAD RIZAL KHISYAM AMAMY', 12, -2, '2018-08-31 02:29:09'),
('162410101049', 'DIAH ADISTIA ARINI', 2, -1, '2018-08-31 02:28:11'),
('162410101050', 'HAFIZ ARDI HIDAYAT', 10, -2, '2018-08-31 02:29:07'),
('162410101051', 'FAHMI FADHUR ROZI', 12, -2, '2018-08-31 02:29:09'),
('162410101052', 'FERDI MUSTAHIR AGUSTI', 13, -2, '2018-08-31 02:29:09'),
('162410101053', 'AHMAD FAUZI IRSANDI', 5, -2, '2018-08-31 02:29:03'),
('162410101054', 'AHMAD FIRDAUS ABABIL', 8, -2, '2018-08-31 02:29:05'),
('162410101055', 'MOHAMMAD RISQI FAISOL AKBAR', 13, -2, '2018-08-31 02:29:09'),
('162410101056', 'REFARDO GELORA C.', 9, -1, '2018-08-31 02:28:16'),
('162410101057', 'NENGAH ADINDA PRASASTI P', 2, -2, '2018-08-31 02:29:01'),
('162410101058', 'AHMAD WAHYU TRI LAKSONO', 1, -2, '2018-08-31 02:29:00'),
('162410101059', 'MOCHAMMAD DEDDY FIRDAUS', 5, -2, '2018-08-31 02:29:03'),
('162410101060', 'NUR CAHYANI FIKRIATUL M', 4, -2, '2018-08-31 02:29:03'),
('162410101061', 'NARANDHA ARYA RANGGIANTO', 18, -2, '2018-08-31 02:29:14'),
('162410101062', 'ZANDHYTAMA HARIWAN A', 9, -2, '2018-08-31 02:29:06'),
('162410101063', 'ITA SUGIARTI', 5, -12, '2018-09-20 15:19:47'),
('162410101064', 'AGUSTINA TRI ANDARA', 14, -1, '2018-08-31 02:29:10'),
('162410101065', 'JAHROTUS SOLIKHA', 19, -2, '2018-08-31 02:29:15'),
('162410101066', 'DEVI PUTRI ALANNURRY', 13, -2, '2018-08-31 02:29:09'),
('162410101067', 'SHOHIHUL MAKSUD', 17, -2, '2018-08-31 02:29:12'),
('162410101068', 'NANDA NUR ARISKA', 18, -2, '2018-08-31 02:29:14'),
('162410101069', 'zainul arifin', 6, -2, '2018-08-31 02:29:04'),
('162410101070', 'FATIMATUZ ZAHIRO', 10, -2, '2018-08-31 02:29:07'),
('162410101071', 'HUTOMO BAYU CARAKA', 17, -2, '2018-08-31 02:29:12'),
('162410101072', 'RESTU ROHMATIKA', 1, -1, '2018-08-31 02:28:10'),
('162410101073', 'ANHARITS PANTITO', 1, -2, '2018-08-31 02:29:00'),
('162410101074', 'NURUL ISTIQOMAH', 7, -2, '2018-08-31 02:29:05'),
('162410101075', 'FAHMI CHAIRUDDIN', 8, -2, '2018-08-31 02:29:06'),
('162410101076', 'MUHAMMAD DHAIS FIRMANSYAH', 5, -2, '2018-08-31 02:29:03'),
('162410101077', 'LAMAROI RAIS IMAN SYAH', 6, -1, '2018-08-31 02:29:04'),
('162410101078', 'CAHYO NOVALIANTO', 3, -2, '2018-08-31 02:29:02'),
('162410101079', 'RIZALDI AHSANI TAQWIM', 18, -2, '2018-08-31 02:29:15'),
('162410101080', 'RADITYA MULYA NUGROHO', 2, -2, '2018-08-31 02:29:01'),
('162410101081', 'TRI WAHYUNI HADI SUTAMSINI', 19, -2, '2018-08-31 02:29:15'),
('162410101082', 'BAILWAASI ILMAN', 9, -2, '2018-08-31 02:29:06'),
('162410101083', 'REINALDI ANANDA PUTRA', 2, -2, '2018-08-31 02:29:01'),
('162410101084', 'RATNA KUSUMAWI CITRA M', 4, -2, '2018-08-31 02:29:03'),
('162410101085', 'WAHIB IRAWAN', 13, -2, '2018-08-31 02:29:09'),
('162410101086', 'FAJAR SURYA HIDAYAD', 7, -2, '2018-08-31 02:29:05'),
('162410101087', 'ISYATUN HANIYAH', 16, -2, '2018-08-31 02:29:12'),
('162410101088', 'NADIA DWI FATMAWATI', 10, -2, '2018-08-31 02:29:07'),
('162410101089', 'JUNITA FANI GITA RAHMASARI', 8, -2, '2018-08-31 02:29:06'),
('162410101090', 'ADHERAPRABU BAGHASKARA', 9, -2, '2018-08-31 02:29:06'),
('162410101091', 'ALDY KURNIA SANTOSO', 8, -1, '2018-08-31 02:29:06'),
('162410101092', 'FAHMI AMRULLAH', 19, -2, '2018-08-31 02:29:15'),
('162410101093', 'MUHAMMAD FAISAL', 17, -2, '2018-08-31 02:29:12'),
('162410101094', 'IRSANDY MAULANA SATYA V', 19, -2, '2018-08-31 02:29:15'),
('162410101095', 'SHABILLA QORIBADHA F.S', 7, -2, '2018-08-31 02:29:05'),
('162410101096', 'RAFDIANSYAH MARTHANTIO H', 13, 0, NULL),
('162410101097', 'HAIKAL FIQRI FADLO', 15, -2, '2018-08-31 02:29:11'),
('162410101098', 'MUHAMMAD LAZUARDI IMANI', 17, -2, '2018-08-31 02:29:13'),
('162410101099', 'INTAN WAHYU INDRABUDIARTI', 1, 0, NULL),
('162410101100', 'ROBI WAHYU LEKSONO', 1, -2, '2018-08-31 02:29:00'),
('162410101101', 'VIRA EKA FRANS PASA', 3, -2, '2018-08-31 02:29:02'),
('162410101102', 'KHOIRUL WAFFA', 16, -2, '2018-08-31 02:29:12'),
('162410101103', 'ANA JANATUL QOMARIAH', 13, -1, '2018-08-31 02:29:09'),
('162410101104', 'EGGY YUDHA PRATAMA', 2, -2, '2018-08-31 02:29:01'),
('162410101105', 'WAHYU KURNIA', 9, -2, '2018-08-31 02:29:06'),
('162410101106', 'GEOFREY SANDER', 10, -2, '2018-08-31 02:29:07'),
('162410101107', 'MAULINA AZIZAH', 6, -2, '2018-08-31 02:29:04'),
('162410101108', 'FADHIL MUHAMMAD', 1, -1, '2018-08-31 02:29:01'),
('162410101109', 'HUSNUL HOTIMATUS SAHROH', 13, -2, '2018-08-31 02:29:10'),
('162410101110', 'FEBY SABILHUL HANAFI', 15, -2, '2018-08-31 02:29:11'),
('162410101111', 'MOH. FADHEL RIZAQ', 1, -2, '2018-08-31 02:29:01'),
('162410101112', 'DESINTA DAMAYANTI W', 5, -2, '2018-08-31 02:29:03'),
('162410101113', 'ALFIAN NUR ALAMSYAH', 2, -1, '2018-08-31 02:29:01'),
('162410101114', 'KENYA SWAWIKANTI WIJAYANTO', 10, -2, '2018-08-31 02:29:07'),
('162410101115', 'FAUZAN NAUFALIANSYAH', 5, -2, '2018-08-31 02:29:03'),
('162410101116', 'HERMAWAN ADY WICHAKSONO', 16, -1, '2018-08-31 02:28:21'),
('162410101117', 'VERINA ALIFIA RACHMATIKA', 15, 0, NULL),
('162410101118', 'AVELIA PUTRI ELKA PRAMANA', 6, -2, '2018-08-31 02:29:04'),
('162410101119', 'AHMAD FAUZAL ADIFIA', 15, -2, '2018-08-31 02:29:11'),
('162410101120', 'mustika rahmasuci', 3, -2, '2018-08-31 02:29:02'),
('162410101121', 'MOHAMMAD RISKI DARMAWAN', 7, -2, '2018-08-31 02:29:05'),
('162410101122', 'ROSYIDAH AMATULLAH WIDODO', 15, -2, '2018-08-31 02:29:11'),
('162410101123', 'ARISQI SETYAWAN', 4, -2, '2018-08-31 02:29:03'),
('162410101124', 'PUTRI WULANDARI', 19, -2, '2018-08-31 02:29:15'),
('162410101125', 'FIRYAL FAKHRI ABDILLAH', 11, -2, '2018-08-31 02:29:08'),
('162410101126', 'RESI UJI MAULANA', 19, -2, '2018-08-31 02:29:15'),
('162410101127', 'YUHANDIZ KRTA MUCHLIZI', 14, -2, '2018-08-31 02:29:10'),
('162410101128', 'HAIRUL ANAM', 6, -2, '2018-08-31 02:29:04'),
('162410101129', 'RAHMAD AGENG PAMBUDI', 12, -2, '2018-08-31 02:29:09'),
('162410101130', 'CHARTIN WULAN ALHANA', 11, -2, '2018-08-31 02:29:08'),
('162410101131', 'RIDLO AGHNAR RIZKHAN', 5, -2, '2018-08-31 02:29:03'),
('162410101132', 'HABIBULLAH DZAKY MUSTHAFA', 14, -2, '2018-08-31 02:29:10'),
('162410101133', 'HAFIDZ MUFNIL IHZA', 11, -1, '2018-08-31 02:29:08'),
('162410101134', 'RIZO MAHARDIKA MUHAMMAD', 3, -2, '2018-08-31 02:29:02'),
('162410101135', 'SURYA PRAYOGA', 2, -2, '2018-08-31 02:29:01'),
('162410101136', 'HAMADA ANANTA BURHANUDDIN', 1, -2, '2018-08-31 02:29:01'),
('162410101137', 'M. SOFYAN SAURI', 11, -2, '2018-08-31 02:29:08'),
('162410101138', 'MUHAMMAD YUSUF AULIYA', 14, -2, '2018-08-31 02:29:10'),
('162410102001', 'RHEZA ADI SEPTIAWAN', 10, -2, '2018-08-31 02:29:07'),
('162410102002', 'FIKRI MAULANA', 7, -2, '2018-08-31 02:29:05'),
('162410102003', 'RYANDO VIQI BAKHTIAR', 15, -2, '2018-08-31 02:29:11'),
('162410102004', 'AZZA PUTRA KUSUMA', 18, -2, '2018-08-31 02:29:15'),
('162410102005', 'RISKI APRILIA KUSTANTI', 17, -1, '2018-08-31 02:29:13'),
('162410102006', 'ALFANSYAH GHOZY SANTOSO', 19, -2, '2018-08-31 02:29:15'),
('162410102007', 'RATNA SYAVIRA MAULIDA', 18, -2, '2018-08-31 02:29:15'),
('162410102008', 'BAGOES SATYA HUTAMA', 1, -2, '2018-08-31 02:29:01'),
('162410102009', 'R IBNU SETIAJI', 9, -1, '2018-08-31 02:29:06'),
('162410102010', 'INTAN BERLIANA SAFITRI', 1, -2, '2018-08-31 02:29:01'),
('162410102011', 'DWI SYIAMNUARI', 3, -2, '2018-08-31 02:29:02'),
('162410102012', 'PRASETIO HADI KUNCORO', 19, -2, '2018-08-31 02:29:16'),
('162410102013', 'NURIL ILMI AL ISLAMI', 12, -2, '2018-08-31 02:29:09'),
('162410102014', 'NONI NAMIDA OLIVIANI', 6, -2, '2018-08-31 02:29:04'),
('162410102015', 'WILDAN MAHBUBIL HAQ', 16, -2, '2018-08-31 02:29:12'),
('162410102016', 'SYAWAL RENNO F.H', 7, -2, '2018-08-31 02:29:05'),
('162410102017', 'ALFINA APRILIANI', 9, -2, '2018-08-31 02:29:07'),
('162410102018', 'ACHMAD RANDI MA', 8, -2, '2018-08-31 02:29:06'),
('162410102019', 'DONY BAHTERA FIRMAWAN', 13, -2, '2018-08-31 02:29:10'),
('162410102020', 'RACHMAD AGUNG BAGASKORO', 5, -2, '2018-08-31 02:29:04'),
('162410102021', 'AHMAD MUNAWIR RIZAL', 12, 0, NULL),
('162410102022', 'DEWI HAFISAH', 3, -2, '2018-08-31 02:29:02'),
('162410102023', 'DEWA GEDE ARDI CAHYA PUTRA', 17, -2, '2018-08-31 02:29:13'),
('162410102024', 'IQBAL ADIB FANANI MAHENDRA', 5, -2, '2018-08-31 02:29:04'),
('162410102025', 'TYAS UTOMO AJI', 18, -2, '2018-08-31 02:29:15'),
('162410102026', 'RIO DWI KURNIAWAN', 14, -2, '2018-08-31 02:29:11'),
('162410102027', 'RAFFEL KRISNA FEBRIYANTO', 2, -2, '2018-08-31 02:29:01'),
('162410102028', 'MARETA EVELIN MUHLISIN', 2, -1, '2018-08-31 02:29:01'),
('162410102029', 'BAGOES TRILAKSONO', 3, -2, '2018-08-31 02:29:02'),
('162410102030', 'IRON WARDANA', 17, -2, '2018-08-31 02:29:13'),
('162410102031', 'LAZARUS DWI POERTANTONO', 16, -2, '2018-08-31 02:29:12'),
('162410102032', 'VIRNANDIKA DIAZ REZA IHSANI', 13, -2, '2018-08-31 02:29:10'),
('162410102033', 'GALANG SURYADANA', 10, -2, '2018-08-31 02:29:07'),
('162410102034', 'RIZKY BERLIA OKTAVIANDI', 12, -2, '2018-08-31 02:29:09'),
('162410102035', 'IM SHOLEHHUDIN', 4, 0, NULL),
('162410102036', 'ANI ANDRIANI', 9, -2, '2018-08-31 02:29:07'),
('162410102037', 'MUHAMMAD MADZHARUDDIN', 13, -2, '2018-08-31 02:29:10'),
('162410102038', 'ADI SURYA SUWARDI ANSYAH', 4, -2, '2018-08-31 02:29:03'),
('162410102039', 'METRI PANGESTIKA', 8, -2, '2018-08-31 02:29:06'),
('162410102040', 'M. SADID TAFSIRUL HADI', 6, -2, '2018-08-31 02:29:04'),
('162410102041', 'RAFLI DWI KURNIAWAN', 8, -2, '2018-08-31 02:29:06'),
('162410102042', 'MOCHAMMAD FEBRI HARIYADI', 15, -2, '2018-08-31 02:29:11'),
('162410102043', 'HARIS RAFI', 11, -1, '2018-08-31 02:29:08'),
('162410102044', 'MUHAMMAD TAJUDDIN', 4, -2, '2018-08-31 02:29:03'),
('162410102045', 'YAZID ALFIRERO PRAMONO', 19, -2, '2018-08-31 02:29:16'),
('162410102046', 'AKBAR WICAKSONO', 7, -2, '2018-08-31 02:29:05'),
('162410102047', 'ADIETYA CANDRADIKA', 14, -1, '2018-08-31 02:29:11'),
('162410102048', 'TRIANTO RAHMAD RAMADHON', 15, -2, '2018-08-31 02:29:11'),
('162410102049', 'AGUNG ILHAM BCHTIAR', 11, -2, '2018-08-31 02:29:08'),
('162410102050', 'TRI SUGIARTI', 5, -2, '2018-08-31 02:29:04'),
('162410102051', 'ZIDQY DENDY ARDIYANSYAH', 14, -2, '2018-08-31 02:29:11'),
('162410102052', 'ACHMAD SILAAKHUL FAUZY', 10, -2, '2018-08-31 02:29:07'),
('172410101116', 'ALVIN HUTAMA PUTRA', 187, 170, '2018-12-01 18:07:18'),
('172410101146', 'ENGGIANUS KOGOYA', 186, 223, '2018-12-01 18:07:17'),
('172410103014', 'DEWI REFORMASI', 184, 285, '2018-12-01 18:07:17'),
('182410101001', 'DANDY SATRIO WIBOWO', 1821, 287, '2018-12-01 18:07:22'),
('182410101002', 'RAHMAT INDRAWAN', 184, 255, '2018-12-01 18:07:17'),
('182410101003', 'RIFKI ADHADI', 9999, -85, '2018-12-01 17:20:16'),
('182410101004', 'ALFARIA ELIYA PUTRI', 1816, 284, '2018-12-01 18:07:21'),
('182410101005', 'ANNISSA HAFIDZHATUL INSAN', 183, 206, '2018-12-01 18:07:16'),
('182410101006', 'SUCI DWI MAYSAROH', 1822, 274, '2018-12-01 18:07:22'),
('182410101007', 'AIDA NUR AZIZAH', 182, 261, '2018-12-01 18:07:16'),
('182410101008', 'TIFFANI ALIFILLAILI CHOIRUNNISA', 1811, 275, '2018-12-01 18:07:19'),
('182410101009', 'VILLA SELVIA', 1810, 285, '2018-12-01 18:07:19'),
('182410101010', 'YOSHA MAHATMA INDRA', 184, 270, '2018-12-01 18:07:17'),
('182410101011', 'FEBRIANSYAH SATRIAGUNG GANESHA', 1810, 281, '2018-12-01 18:07:19'),
('182410101012', 'ABIYU CANDRA ADIANSYAH', 1813, 270, '2018-12-01 18:07:20'),
('182410101013', 'TEDY DANI KUSUMA', 186, 250, '2018-12-01 18:07:17'),
('182410101014', 'RIZAL FAQRUL FEBRI ANTO', 1824, 250, '2018-12-01 18:07:23'),
('182410101015', 'RITA DILLAH SAMAWI', 184, 285, '2018-12-01 18:07:17'),
('182410101016', 'RESTI ERLANG VIRGIANI', 185, 272, '2018-12-01 18:07:17'),
('182410101017', 'ADITYA NOVAN FIRMANSYAH', 1815, 269, '2018-12-01 18:07:20'),
('182410101018', 'LAILATUL QOMARIAH', 187, 273, '2018-12-01 18:07:18'),
('182410101019', 'AGUNG DEWANTARA', 1810, 282, '2018-12-01 18:07:19'),
('182410101020', 'IGA NOVINDA RANTAYA', 183, 283, '2018-12-01 18:07:16'),
('182410101021', 'HILMY CITRA FARADINA', 183, 284, '2018-12-01 18:07:17'),
('182410101022', 'TIARA MAULIDYA', 1811, 276, '2018-12-01 18:07:19'),
('182410101023', 'MOHAMMAD LUTFI GIANTORO', 1814, 283, '2018-12-01 18:07:20'),
('182410101024', 'WANDA PUTRI MARIANI', 1810, 281, '2018-12-01 18:07:19'),
('182410101025', 'WAHYU DELLA LESTARI', 186, 249, '2018-12-01 18:07:17'),
('182410101026', 'DIAH ELFIN NURDIANA', 1812, 272, '2018-12-01 18:07:19'),
('182410101027', 'AFRILIA PERMATASARI', 1818, 265, '2018-12-01 18:07:21'),
('182410101028', 'SITI NURDIANA', 186, 249, '2018-12-01 18:07:17'),
('182410101029', 'BETARA CANDRA ARIVIYANTO', 1812, 271, '2018-12-01 18:07:19'),
('182410101030', 'FITRIA RAHMAWATI', 1823, 283, '2018-12-01 18:07:23'),
('182410101031', 'NADIA CAHYA RANI', 181, 284, '2018-12-01 18:07:16'),
('182410101032', 'UNGKI APRILIAN', 181, 285, '2018-12-01 18:07:16'),
('182410101033', 'TRIANA RAHAYU', 189, 284, '2018-12-01 18:07:18'),
('182410101034', 'SHELY PUSPITASARI', 1810, 281, '2018-12-01 18:07:19'),
('182410101035', 'KARIMAH', 1824, 271, '2018-12-01 18:07:23'),
('182410101036', 'YENI INDAH SEPTIANINGTIAS', 1819, 283, '2018-12-01 18:07:21'),
('182410101037', 'RIO GUNAWAN PRATAMA MUNGLIANDI', 1814, 285, '2018-12-01 18:07:20'),
('182410101038', 'AZMI KHOIRUNNISA', 189, 274, '2018-12-01 18:07:18'),
('182410101039', 'GRACE SINTIA GIRSANG', 1818, 285, '2018-12-01 18:07:21'),
('182410101040', 'RR. SAFITRI ARUMNINGTYAS', 1820, 263, '2018-12-01 18:07:22'),
('182410101041', 'RARA PUTRI AYU NADA DAMAYANTI', 1821, 286, '2018-12-01 18:07:22'),
('182410101042', 'IRENEUS VERDILLO KRISNANDA', 185, 271, '2018-12-01 18:07:17'),
('182410101043', 'MUHAMMAD FIRDAUS PRIYONO', 1813, 270, '2018-12-01 18:07:20'),
('182410101044', 'MUHAMMAD NURFAKHRI ZAKIY', 188, 261, '2018-12-01 18:07:18'),
('182410101045', 'ASNIAR TIRTARANI', 1816, 249, '2018-12-01 18:07:21'),
('182410101046', 'MUHAMMAD NAUFAL HAFIYYAN', 1814, 286, '2018-12-01 18:07:20'),
('182410101047', 'BAYU AMANAH DONAL SAMODRO', 1811, 275, '2018-12-01 18:07:19'),
('182410101048', 'SULTON AINUN NAZIB', 1820, 243, '2018-12-01 18:07:22'),
('182410101049', 'DEWI CHANTIKA MAYA SELVIYA HADI', 1821, 265, '2018-12-01 18:07:22'),
('182410101050', 'NETA HARDY ASTUTY', 1817, 283, '2018-12-01 18:07:21'),
('182410101051', 'SITI MASRUKHA', 1816, 283, '2018-12-01 18:07:21'),
('182410101052', 'MUHAMMAD RIZKY IQBAL', 1811, 275, '2018-12-01 18:07:19'),
('182410101053', 'ROSIDAH', 1813, 274, '2018-12-01 18:07:20'),
('182410101054', 'JAVA HIELGANT RAYMOND TAKESHI', 181, 284, '2018-12-01 18:07:16'),
('182410101055', 'ENDAH WAHYU SAFITRI', 1820, 261, '2018-12-01 18:07:22'),
('182410101056', 'JIHAN CITRA SYAHBANA PUTRI', 1823, 281, '2018-12-01 18:07:23'),
('182410101057', 'MUHAMAD RAMADHAN SIRAJUDIN', 183, 282, '2018-12-01 18:07:17'),
('182410101058', 'MOH. ALFAN BAGUS SETIYAWAN', 1824, 270, '2018-12-01 18:07:23'),
('182410101059', 'KHARISMA BRILLIANT AGNESTITI', 184, 285, '2018-12-01 18:07:17'),
('182410101060', 'MUTAMIMAH', 185, 271, '2018-12-01 18:07:17'),
('182410101061', 'DIKO AFWIZAL IMAWAN', 1812, 244, '2018-12-15 03:00:14'),
('182410101062', 'ANIDA SHOLIHAH', 188, 251, '2018-12-01 18:07:18'),
('182410101063', 'FIRDAUS IRWANTO', 1818, 281, '2018-12-01 18:07:21'),
('182410101064', 'OLSAVIRA AGSA PRATAMA', 1819, 283, '2018-12-01 18:07:21'),
('182410101065', 'MAHARANI EDI SHASHANTI', 188, 251, '2018-12-01 18:07:18'),
('182410101066', 'MOHAMMAD NASRUL AZIS', 187, 272, '2018-12-01 18:07:18'),
('182410101067', 'ARDANA YULI ARIYANTO', 1816, 257, '2018-12-02 04:25:53'),
('182410101068', 'NUR LAILATUL DAMARA PUTRI', 1823, 281, '2018-12-01 18:07:23'),
('182410101069', 'ROBBY DWI MAS ABABIL', 1813, 250, '2018-12-01 18:07:20'),
('182410101070', 'VIRLI GALUH KINANTI', 1810, 282, '2018-12-01 18:07:19'),
('182410101071', 'ANDARU GHANI RASWANTO', 1822, 274, '2018-12-01 18:07:22'),
('182410101072', 'YOHANA YUNI UTARI', 183, 282, '2018-12-01 18:07:17'),
('182410101073', 'RODYAN RIZANG PRASETYO', 1815, 269, '2018-12-01 18:07:20'),
('182410101074', 'ALHAMDANA ADHITYA NUR RAHMAH', 1818, 285, '2018-12-01 18:07:21'),
('182410101075', 'ALIF ADITYA RAHMAN', 189, 284, '2018-12-01 18:07:18'),
('182410101076', 'MOHAMMAD RIZKY MAULANA', 181, 273, '2018-12-01 18:07:16'),
('182410101077', 'MUTIA ALIHANTI', 9999, 0, '2018-09-20 02:35:17'),
('182410101078', 'YOSKI TANJUNG', 189, 284, '2018-12-01 18:07:18'),
('182410101079', 'MUHAMMAD KHALIDAFFA', 1815, 269, '2018-12-01 18:07:20'),
('182410101080', 'DIMAS RIFRIANDI', 1820, 271, '2018-12-01 18:07:22'),
('182410101081', 'MAD IKHSAN', 1821, 285, '2018-12-01 18:07:22'),
('182410101082', 'HAIDAR', 188, 253, '2018-12-01 18:07:18'),
('182410101083', 'FERNALDI WIDHARSONO', 1817, 283, '2018-12-01 18:07:21'),
('182410101084', 'RAKHA HAIDAR NABAWY', 1822, 274, '2018-12-01 18:07:22'),
('182410101085', 'DAVA VIRGIAWAN', 189, 284, '2018-12-01 18:07:18'),
('182410101086', 'MEI TINTRI SUDIBYO', 184, 286, '2018-12-01 18:07:17'),
('182410101087', 'ABDUL MUFID EFENDI', 1813, 257, '2018-12-01 18:07:20'),
('182410101088', 'DICKY FATTAH DWI SATRIA MAHARDHIKA', 1815, 269, '2018-12-01 18:07:20'),
('182410101089', 'MUHAMMAD FADLY FAWAZY MUNAWIR', 1816, 262, '2018-12-01 18:07:21'),
('182410101090', 'AYUNINDYA MAHARANI PUTRI', 184, 288, '2018-12-01 18:07:17'),
('182410101091', 'MUHAMMAD PRASETYO', 1817, 272, '2018-12-01 18:07:21'),
('182410101092', 'WAHYU EKA DARMAWAN', 1822, 274, '2018-12-01 18:07:22'),
('182410101093', 'MUHAMMAD AMRI ZAMAN', 1818, 285, '2018-12-01 18:07:21'),
('182410101094', 'UBAY NURAJENG SUSANTO', 187, 271, '2018-12-01 18:07:18'),
('182410101095', 'MUHAMMAD EZRA IRFANSYAH', 1823, 281, '2018-12-01 18:07:23'),
('182410101096', 'AULIA RETA FAULINA', 1820, 261, '2018-12-01 18:07:22'),
('182410101097', 'FAJAR RIZQO MAULANA', 1819, 281, '2018-12-01 18:07:21'),
('182410101098', 'RADITYA MUHAMAD SOFYAN TSAURI', 188, 241, '2018-12-01 18:07:18'),
('182410101099', 'MUHAMMAD SAVERO VITO', 181, 284, '2018-12-01 18:07:16'),
('182410101100', 'FURQON AJI WIDAYA', 1812, 271, '2018-12-01 18:07:19'),
('182410101101', 'OSCAR ISMAIL ILHAM', 1815, 207, '2018-12-01 18:07:20'),
('182410101102', 'NISVI MAULIDYAH', 181, 284, '2018-12-01 18:07:16'),
('182410101103', 'NADHIF RIZQULLAH LESTAMANTA', 186, 249, '2018-12-01 18:07:17'),
('182410101104', 'NADIA TSALIS FAHMIYAH', 1814, 284, '2018-12-01 18:07:20'),
('182410101105', 'LUTHFIDIAN SAYYID YUSUF', 1819, 261, '2018-12-01 18:07:21'),
('182410101106', 'RAVLY NANDA KURNIAWAN', 1820, 271, '2018-12-01 18:07:22'),
('182410101107', 'LUKLU`IL MAULIDYA NATASYA', 1824, 270, '2018-12-01 18:07:23'),
('182410101108', 'INDAH LUWISARI TAMBUNAN', 187, 250, '2018-12-01 18:07:18'),
('182410101109', 'MOH. FAHRUL HAFIDH', 185, 271, '2018-12-01 18:07:17'),
('182410101110', 'NAURA IFTINAN', 1822, 235, '2018-12-01 18:07:22'),
('182410101111', 'IFAN RENDI ALDIANTO', 182, 260, '2018-12-01 18:07:16'),
('182410101112', 'HISAM MUZAKI', 187, 239, '2018-12-01 18:07:18'),
('182410101113', 'HARTAWAN BAHARI MULYADI', 188, 251, '2018-12-01 18:07:18'),
('182410101114', 'VALIANT SHABRI RABBANI', 1817, 272, '2018-12-01 18:07:21'),
('182410101115', 'DHAFIN NAUFAL RAMADHANI', 1814, 233, '2018-12-01 18:07:20'),
('182410101116', 'VINA AGUSTINA NAWAWI', 182, 260, '2018-12-01 18:07:16'),
('182410101117', 'OLIVIA DIANTIKA', 1821, 284, '2018-12-01 18:07:22'),
('182410101118', 'AURILA NUARIE', 189, 284, '2018-12-01 18:07:18'),
('182410101119', 'YOHANES ATETA', 1821, 253, '2018-12-01 18:07:22'),
('182410101120', 'KARENDHIKA ARGIANSYAH', 1811, 244, '2018-12-01 18:07:19'),
('182410101121', 'SIROJA NURIL HIDAYAH', 182, 260, '2018-12-01 18:07:16'),
('182410101122', 'AJI CENDIKA SIWI', 1814, 289, '2018-12-01 18:07:20'),
('182410101123', 'DIAN PUTRI SHOLIKHAH SF', 1816, 283, '2018-12-01 18:07:21'),
('182410101124', 'MUHAMMAD ABHISTA DANISWARA', 1811, 231, '2018-12-01 18:07:19'),
('182410101125', 'WASILA MAULIDIYAH', 1823, 281, '2018-12-01 18:07:23'),
('182410101126', 'VIRA NINDYA ROMADINA', 186, 219, '2018-12-05 01:34:11'),
('182410101127', 'DIMAS PRATAMA PURWADINATA', 1819, 257, '2018-12-01 18:07:21'),
('182410101128', 'RACHMAT BINTANG YUDHIANTO', 1812, 272, '2018-12-01 18:07:19'),
('182410101129', 'MUHAMMAD ILHAM HIDAYATULLAH', 1812, 250, '2018-12-01 18:07:19'),
('182410101130', 'M. FAIZ FARAKHAN', 9999, -60, '2018-10-09 07:43:40'),
('182410101131', 'NADHIFA AIMAN WACHDIN', 187, 271, '2018-12-01 18:07:18'),
('182410101132', 'JOVI NISITA PRATAMA', 1823, 281, '2018-12-01 18:07:23'),
('182410101133', 'ZHAFIRAH NABILLAH', 185, 251, '2018-12-01 18:07:17'),
('182410101134', 'YUSRAN ALINDRI DWIMAJIDA', 1813, 270, '2018-12-01 18:07:20'),
('182410101135', 'NOVIA AZIZAH LUTHFIN', 1822, 274, '2018-12-01 18:07:22'),
('182410101136', 'OLIVIA HANIN DAMAYANTI', 1819, 281, '2018-12-01 18:07:21'),
('182410101137', 'IWAN RISWANTO', 1818, 285, '2018-12-01 18:07:21'),
('182410101138', 'KAMILATU QURROTU\'AINI HANIFAH', 183, 282, '2018-12-01 18:07:17'),
('182410101139', 'MUHAMMAD FORTUNE SAPUTRA', 1815, 269, '2018-12-01 18:07:20'),
('182410101140', 'ALISSA SHAVA EL SHAQILLA', 1817, 284, '2018-12-01 18:07:21'),
('182410101141', 'KRESNA PEMRI MEBANUA', 186, 144, '2018-12-01 18:07:18'),
('182410101142', 'SUAINUL YAQIN', 182, 195, '2018-12-01 18:07:16'),
('182410101143', 'MUHAMMAD FAWWAZ IKBAR RAMADHANI', 182, 242, '2018-12-01 18:07:16'),
('182410101144', 'RAYHANS.T', 185, 233, '2018-12-01 18:07:17'),
('182410101145', 'MUHAMMAD RIKZA LUQMAN KHARIRI', 182, 261, '2018-12-01 18:07:16'),
('182410101146', 'AZIZ AYATULLAH', 1824, 196, '2018-12-01 18:07:23'),
('182410101147', 'YOGA FIRMANSYAH ALFARIZQI', 181, 284, '2018-12-01 18:07:16'),
('182410102001', 'MELINA CAESAR WAHYUNINGTYAS', 186, 250, '2018-12-01 18:07:18'),
('182410102002', 'ADITYA ARI FIKRI', 189, 284, '2018-12-01 18:07:18'),
('182410102003', 'FEBRIA ERLIANA HADI', 183, 261, '2018-12-01 18:07:17'),
('182410102004', 'FIRRATUS SAADAH', 1821, 275, '2018-12-01 18:07:22'),
('182410102005', 'ARINDA VIKA NUR HANIFAH', 1816, 284, '2018-12-01 18:07:21'),
('182410102006', 'DINGGA APRIS RAHMAT KURNIAWAN', 187, 271, '2018-12-01 18:07:18'),
('182410102007', 'LEGAR RIZKY IRSUMINTO', 185, 272, '2018-12-01 18:07:17'),
('182410102008', 'CAESARINA KURNIA ANANTA', 1820, 261, '2018-12-01 18:07:22'),
('182410102009', 'DINDA DIKRIMA ADI', 184, 285, '2018-12-01 18:07:17'),
('182410102010', 'QORRY \'AINA DAMAYANTI', 187, 273, '2018-12-01 18:07:18'),
('182410102011', 'ALVIRA MALINDA', 188, 252, '2018-12-01 18:07:18'),
('182410102012', 'RIZKI INDRA PERMANA', 1824, 270, '2018-12-01 18:07:23'),
('182410102013', 'RIFQIE ADE TAMA', 1817, 283, '2018-12-01 18:07:21'),
('182410102014', 'MOH. SHOLIHUL FAUZAN', 182, 270, '2018-12-01 18:07:16'),
('182410102015', 'ARIF NURUL RAHMAN HARTONO', 1823, 281, '2018-12-01 18:07:23'),
('182410102016', 'VIRGIAWAN INDRIANTO', 1814, 284, '2018-12-01 18:07:20'),
('182410102017', 'KHAMIM THOHARI WAKHID', 186, 249, '2018-12-01 18:07:18'),
('182410102018', 'GALIH SISWO HIDAYATULLAH', 184, 258, '2018-12-01 18:07:17'),
('182410102019', 'M. FATHONY RAMDHAN', 1822, 275, '2018-12-01 18:07:22'),
('182410102020', 'AULIA NURUL ILMA', 1822, 274, '2018-12-01 18:07:22'),
('182410102021', 'BAGAS TETUKO', 1818, 285, '2018-12-01 18:07:21'),
('182410102022', 'SAUDI EFENDI', 1810, 282, '2018-12-01 18:07:19'),
('182410102023', 'NAVISA KHOLIFATUL JANNAH', 1815, 256, '2018-12-01 18:07:20'),
('182410102024', 'RAHMAD FIRMANSYAH', 183, 261, '2018-12-01 18:07:17'),
('182410102025', 'ROYHAN WAHYU FIRMAN SYAH', 9999, -55, '2018-12-01 17:20:04'),
('182410102026', 'YOGI EKA WICAKSONO', 189, 265, '2018-12-01 18:07:18'),
('182410102027', 'MUHAMMAD ALAIKAL FATONI', 185, 240, '2018-12-01 18:07:17'),
('182410102028', 'ALDI MILANSYAH PUTRA', 1815, 248, '2018-12-01 18:07:20'),
('182410102029', 'AUGISTY WARDAH FARADISA', 181, 284, '2018-12-01 18:07:16'),
('182410102030', 'DINDA AYU ADININGSIH', 182, 260, '2018-12-01 18:07:16'),
('182410102031', 'EKSA YANI IZZULHAQ', 181, 245, '2018-12-01 18:07:16'),
('182410102032', 'ALDI VEGA PRAWIRA', 9999, -108, '2018-12-01 17:20:57'),
('182410102033', 'SAIFUR RIFQI ALI', 1811, 275, '2018-12-01 18:07:19'),
('182410102034', 'ASHOH BAGUS JUNDAN MUDZAKIR', 186, 250, '2018-12-01 18:07:18'),
('182410102035', 'MUHAMMAD ARYA RAMADHAN', 1814, 10286, '2019-08-18 07:54:10'),
('182410102036', 'ZIHAN MUHAMMAD AL GHIFARI IBNU ZAIN', 188, 251, '2018-12-01 18:07:18'),
('182410102037', 'SALSABILA INDRIANI PUTRI', 1818, 285, '2018-12-01 18:07:21'),
('182410102038', 'NURIZZA ILHAM FIRDAUS', 1817, 262, '2018-12-01 18:07:21'),
('182410102039', 'ZULFIKAR ALI MAKSUM', 1821, 264, '2018-12-01 18:07:22'),
('182410102040', 'LINDA FITRI DWI WULYANTI', 1822, 274, '2018-12-01 18:07:22'),
('182410102041', 'MUHAMMAD DICQI ALFAN HABIBI', 184, 285, '2018-12-01 18:07:17'),
('182410102042', 'CHOKITO FARARICKI SISI HASKAR', 1816, 283, '2018-12-01 18:07:21'),
('182410102043', 'JENDRA BAYU NUGRAHA', 183, 282, '2018-12-01 18:07:17'),
('182410102044', 'RIZAL AKBAR ARIFIN', 1822, 274, '2018-12-01 18:07:22'),
('182410102045', 'MELVA ANGGRAINI PAKPAHAN', 181, 249, '2018-12-01 18:07:16'),
('182410102046', 'HAMDAN ADNANDAR WISHOL', 1811, 259, '2018-12-01 18:07:19'),
('182410102047', 'EDO TRI WICAKSONO', 1810, 282, '2018-12-01 18:07:19'),
('182410102048', 'MYLIAN GEDHE', 1820, 262, '2018-12-01 18:07:22'),
('182410102049', 'MIANTOKO GUNDHO PUTRO NUGROHO', 1814, 284, '2018-12-01 18:07:20'),
('182410102050', 'ANNISA RAHMAWATI', 187, 272, '2018-12-01 18:07:18'),
('182410102051', 'GANDA KURNIAWAN', 184, 286, '2018-12-01 18:07:17'),
('182410102052', 'SYLVIA RIZKY ANISSA NOVIANA', 1813, 271, '2018-12-01 18:07:20'),
('182410102053', 'AHMAD RIZQI ISNAIN', 1812, 273, '2018-12-01 18:07:19'),
('182410102054', 'UMMI KULSUM', 1812, 261, '2018-12-01 18:07:19'),
('182410102055', 'ALLOYSIUS CHRISTIAN IMMANUEL KURNIAWAN', 1814, 257, '2018-12-01 18:07:20'),
('182410102056', 'DENTA FIRDAUS FATONI MAULANA', 185, 276, '2018-12-01 18:07:17'),
('182410102057', 'AGUSTIAN ARMANDO', 1820, 261, '2018-12-01 18:07:22'),
('182410102058', 'ALIF RACHMAN SAPUTRO', 189, 266, '2018-12-01 18:07:18'),
('182410102059', 'IMRON PRASETIYO', 1823, 283, '2018-12-01 18:07:23'),
('182410102060', 'RIZAL RAMDHANI', 182, 260, '2018-12-01 18:07:16'),
('182410102061', 'CALVIN CATUR ALFARIZI', 1810, 281, '2018-12-01 18:07:19'),
('182410102062', 'SASTRA RIANTO', 1811, 266, '2018-12-01 18:07:19'),
('182410102063', 'ARNETTA FIRSTIANTI WIDODO', 1816, 283, '2018-12-01 18:07:21'),
('182410102064', 'HAIKAL HARYOKAVAD', 1819, 236, '2018-12-14 15:32:44'),
('182410102065', 'DIOS NUR FIRDAUS', 1812, 252, '2018-12-01 18:07:19'),
('182410102066', 'AHMAD CHOIRUL FIRDAUS', 187, 271, '2018-12-01 18:07:18'),
('182410102067', 'DIMAS WAHYU ROSSEVIN', 185, 272, '2018-12-01 18:07:17'),
('182410102068', 'DEVY SARASWATI', 1811, 255, '2018-12-01 18:07:19'),
('182410102069', 'HENDRA CAHYA RACHMANTA', 1817, 250, '2018-12-01 18:07:21'),
('182410102070', 'MITA EKA LEGI PRAVITASARI', 188, 252, '2018-12-01 18:07:18'),
('182410102071', 'NUR ACHMAD KURNIAWAN', 1816, 283, '2018-12-01 18:07:21'),
('182410102072', 'NIKI PUTRI HADI PRADANI', 1821, 284, '2018-12-01 18:07:22'),
('182410102073', 'ACHMAD GIFFARY FATHDAMAREL', 1818, 289, '2018-12-01 18:07:21'),
('182410102074', 'MUHAMMAD ZULQARNAIN HIDAYAT', 1819, 272, '2018-12-01 18:07:21'),
('182410102075', 'AMELIA INDRIAWAN', 1812, 271, '2018-12-01 18:07:19'),
('182410102076', 'DHARIEL NANDA PRATAMA', 1824, 212, '2018-12-01 18:07:23'),
('182410102077', 'BACHTIAR IZHA SAGA MAHENDRA', 1815, 239, '2018-12-01 18:07:20'),
('182410102078', 'MUHAMMAD SADLI MUSHTHOFA', 1824, 270, '2018-12-01 18:07:23'),
('182410102079', 'HABELIUS RONNY KRISTAGUS', 1821, 252, '2018-12-01 18:07:22'),
('182410102080', 'MOHAMMAD SAIFULLOH ALY YAFIE', 1819, 283, '2018-12-01 18:07:22'),
('182410102081', 'AGUS SEPRIYANDIANSAH', 1813, 270, '2018-12-01 18:07:20'),
('182410102082', 'CAHYA QIRANA RAMADHAN', 1818, 255, '2018-12-01 18:07:21'),
('182410102083', 'GUSTI WEDAR DIDA ARDA TANTRA NARENDRA', 1813, 272, '2018-12-01 18:07:20'),
('182410102084', 'AFDHALIRIZZAL PRAWEDI', 186, 217, '2018-12-01 18:07:18'),
('182410102085', 'AMARTHIA DINAR KUSMINDA ', 188, 217, '2018-12-01 18:07:18'),
('182410102086', 'GILANG PRADITTO', 1817, 274, '2018-12-01 18:07:21'),
('182410102087', 'HENDRA TRIAS SISANTO', 1823, 283, '2018-12-01 18:07:23'),
('182410102088', 'HAVILDA JAYANTI', 189, 286, '2018-12-01 18:07:18'),
('182410102089', 'SAKTI PRAKASA', 1824, 249, '2018-12-01 18:07:23'),
('182410102090', 'BAHTIAR EKA ADY CANDRA', 1815, 233, '2018-12-01 18:07:20'),
('182410103001', 'YUNITA MAULIDA SAPUTRI', 1824, 271, '2018-12-01 18:07:23'),
('182410103002', 'YULI PUSPITA DEWI', 1823, 281, '2018-12-01 18:07:23'),
('182410103003', 'LINDA OKTAVIANI', 1821, 284, '2018-12-01 18:07:22'),
('182410103004', 'MOH. FIKI BUDIONO', 1824, 272, '2018-12-01 18:07:23'),
('182410103005', 'DEWANGGA PUTRA KUSWANTO', 185, 272, '2018-12-01 18:07:17'),
('182410103006', 'ADITYA EFENDI', 188, 251, '2018-12-01 18:07:18'),
('182410103007', 'MUHAMMAD ANDI LUQMAN', 188, 252, '2018-12-01 18:07:18'),
('182410103008', 'ADITYA DHARMAWAN', 9999, -30, '2018-09-27 14:48:21'),
('182410103009', 'WISNU DEWA SAPUTRA', 1813, 270, '2018-12-01 18:07:20'),
('182410103010', 'AMANULLAH FAJAR HARYANTO', 1822, 246, '2018-12-01 18:07:22'),
('182410103011', 'NATASYA ROMA IZZAH SANTRI', 189, 284, '2018-12-01 18:07:18'),
('182410103012', 'MUHAMMAD FAISAL AMRUDDIN', 187, 271, '2018-12-01 18:07:18'),
('182410103013', 'FAJRIAH IKAWATI VALENTINA', 1819, 282, '2018-12-01 18:07:22'),
('182410103014', 'REKA PUTRI PUSPITA', 1823, 281, '2018-12-01 18:07:23'),
('182410103015', 'AHMAD LUKMAN MAULANA', 183, 270, '2018-12-01 18:07:17'),
('182410103016', 'AGILL FAJAR PRISMADIKA', 182, 262, '2018-12-01 18:07:16'),
('182410103017', 'SITI AMILATUS SHOLEHA', 1810, 283, '2018-12-01 18:07:19'),
('182410103018', 'MOHAMMAD RIZKI ATOILAH', 1810, 282, '2018-12-01 18:07:19'),
('182410103019', 'SEPTIA PUJI LESTARI', 1812, 271, '2018-12-01 18:07:19'),
('182410103020', 'PRADANA RIZKI SUSANTO', 1821, 251, '2018-12-01 18:07:22'),
('182410103021', 'ANGGIK MUHAMMAD SAHRIL', 1821, 286, '2018-12-01 18:07:22'),
('182410103022', 'RENANTA MUHAMMAD CENTRIS SONGO SONGO', 181, 287, '2018-12-01 18:07:16'),
('182410103023', 'BAYU SETIAWAN', 188, 250, '2018-12-01 18:07:18'),
('182410103024', 'ARDI SUGONDO', 189, 285, '2018-12-01 18:07:18'),
('182410103025', 'LUTHFIA DEWANA SAPUTRI', 182, 260, '2018-12-01 18:07:16'),
('182410103026', 'ERSANDY PARINDRA', 1821, 258, '2018-12-01 18:07:22'),
('182410103027', 'AFDHALUL KHAIRI AFFAN', 1818, 286, '2018-12-01 18:07:21'),
('182410103028', 'HARIS ARIFIN', 1814, 284, '2018-12-01 18:07:20'),
('182410103029', 'NAJMUDIN RAJAN', 182, 262, '2018-12-01 18:07:16'),
('182410103030', 'IQBAL AL-MAHDI', 1815, 273, '2018-12-01 18:07:20'),
('182410103031', 'DYAH AYUNINGTYAS', 1814, 288, '2018-12-01 18:07:20'),
('182410103032', 'MUHAMMAD RISKI FADISTA', 1815, 271, '2018-12-01 18:07:20'),
('182410103033', 'M. KHATIMUL LIMA SABAQ', 189, 284, '2018-12-01 18:07:18'),
('182410103034', 'LEVINDA CAESARIANTY PUTRI SATRIYO', 187, 271, '2018-12-01 18:07:18'),
('182410103035', 'ILHAM QASHID SULTHAN KUSUMA NEGARA', 186, 249, '2018-12-01 18:07:18'),
('182410103036', 'NUR AFNI WINDI AULIYA', 1816, 283, '2018-12-01 18:07:21'),
('182410103037', 'MELIATIYA ARIFVIYANA', 1817, 286, '2018-12-01 18:07:21'),
('182410103038', 'GALANG PRAGANATA', 1813, 274, '2018-12-01 18:07:20'),
('182410103039', 'MOHAMMAD MARSHEIL AUDREY RASYIDI', 1819, 282, '2018-12-01 18:07:22'),
('182410103040', 'MUHAMMAD YUSUF AZIZI', 183, 282, '2018-12-01 18:07:17'),
('182410103041', 'MOHAMMAD SYAFI`UL ULUM', 185, 270, '2018-12-01 18:07:17'),
('182410103042', 'AZIZAH NURUL FIRDAUSI AMIJAYA', 1822, 236, '2018-12-01 18:07:23'),
('182410103043', 'HILMI NUR FADILLA', 183, 272, '2018-12-01 18:07:17'),
('182410103044', 'DITA SHAHIHAH', 1823, 282, '2018-12-01 18:07:23'),
('182410103045', 'ALVIN PRANATA KUSUMA', 1824, 237, '2018-12-01 18:07:23'),
('182410103046', 'MOHAMAD FIKRI NURHALIMI', 1814, 285, '2018-12-01 18:07:20'),
('182410103047', 'AGUSTINE BUNGA MAHARANI', 1815, 270, '2018-12-01 18:07:20'),
('182410103048', 'KHAHLIL GILBRAN', 183, 283, '2018-12-01 18:07:17'),
('182410103049', 'ABIZAR NAZHA RIZKY', 1812, 271, '2018-12-01 18:07:20'),
('182410103050', 'BAGAS RAMADHANI ISSANTO', 1816, 273, '2018-12-01 18:07:21'),
('182410103051', 'HIROKI SETIAWAN HIDAYATULLAH', 184, 285, '2018-12-01 18:07:17'),
('182410103052', 'AFIFATUL  ALIYAH', 1813, 233, '2018-12-01 18:07:20'),
('182410103053', 'DAKHOLATIN NI`MAH', 181, 284, '2018-12-01 18:07:16'),
('182410103054', 'SITI NUR HALIZAH', 185, 271, '2018-12-01 18:07:17'),
('182410103055', 'ATIIQAH NABILAH IMTIYAZ', 186, 249, '2018-12-01 18:07:18'),
('182410103056', 'FOGI ERLINGGA', 188, 254, '2018-12-01 18:07:18'),
('182410103057', 'UTUT ARDIANSAH', 1814, 284, '2018-12-01 18:07:20'),
('182410103058', 'FATTHUR ROZI', 1819, 233, '2018-12-01 18:07:22'),
('182410103059', 'AHMAD ROSYIDI', 1810, 282, '2018-12-01 18:07:19'),
('182410103060', 'CHRISTOPHER CALVIN WIJAYA', 1811, 275, '2018-12-01 18:07:19'),
('182410103061', 'YUNAND NIDZAR RIFAZMI ALIHAKIM', 1823, 287, '2018-12-01 18:07:23'),
('182410103062', 'WITSUDI ANASRULLAH', 1824, 233, '2018-12-01 18:07:23'),
('182410103063', 'AGHNIA FAZA IZZATUR RAHMAN', 1820, 262, '2018-12-01 18:07:22'),
('182410103064', 'ALTO HADI LUKITA JAYA', 187, 250, '2018-12-01 18:07:18'),
('182410103065', 'PRAYUDYA RANGGA MAHERSA', 9999, -30, '2018-10-09 07:49:10'),
('182410103066', 'I GEDE BAYU ADITYA DHARMAWAN', 1811, 275, '2018-12-01 18:07:19'),
('182410103067', 'RAKTA MEGA GIEBRILLIA QUERY KUSUMA DERY', 1820, 221, '2018-12-01 18:07:22'),
('182410103068', 'ANATASYA DIAN CIPTANINGSIH', 9999, -30, '2018-10-09 07:49:36'),
('182410103069', 'ALIFIA AFIFAH', 182, 250, '2018-12-01 18:07:16'),
('182410103070', 'SULTAN ARDIANSYAH', 1813, 271, '2018-12-01 18:07:20'),
('182410103071', 'FERDHY DHETYA YAHYA', 1817, 275, '2018-12-01 18:07:21'),
('182410103072', 'MUHAMMAD INDEFANDIA KURNIAWAN', 186, 250, '2018-12-01 18:07:18'),
('182410103073', 'MUHAMAD ALFARIDZ ABIMANYU', 1811, 278, '2018-12-01 18:07:19'),
('182410103074', 'ALFAN AINUN DAFIQ', 1820, 243, '2018-12-01 18:07:22'),
('182410103075', 'BINTANG KURNIAWAN PRATAMA PUTRA', 1818, 286, '2018-12-01 18:07:21'),
('182410103076', 'RIZKY AKBAR RAMADHANDY', 1811, 275, '2018-12-01 18:07:19'),
('182410103077', 'M. NUR RIDHO TAUFIKURRAHMAN', 181, 263, '2018-12-01 18:07:16'),
('182410103078', 'NAUVAL ACHMAD YUSUFA', 1816, 283, '2018-12-01 18:07:21'),
('182410103079', 'MUHAMMAD ILHAM ASSHIDIQ', 184, 286, '2018-12-01 18:07:17'),
('182410103080', 'ACHMAD MUCHDOR FIRDAUS', 1817, 283, '2018-12-01 18:07:21'),
('182410103081', 'MUHAMMAD AGUNG SANTOSO', 1816, 285, '2018-12-01 18:07:21'),
('182410103082', 'ADIB DWI SETYAWAN', 189, 275, '2018-12-01 18:07:18'),
('182410103083', 'SHAFA SALSABILA ROSA', 1818, 286, '2018-12-01 18:07:21'),
('182410103084', 'CHULSUM ALIMAH NAHDAH', 1820, 241, '2018-12-01 18:07:22'),
('182410103085', 'ANIS MADANI', 1815, 223, '2018-12-01 18:07:20'),
('182410103086', 'MUHAMMAD IZZAT RAHMAN', 1810, 281, '2018-12-01 18:07:19'),
('182410103087', 'MOHAMMAD ABUEMAS RIZQ WIJAYA', 1812, 271, '2018-12-01 18:07:20'),
('182410103088', 'ARTHA GUSFI PUTRA', 1812, 239, '2018-12-01 18:07:20'),
('182410103089', 'TAUFIQ HIDAYAT', 1819, 282, '2018-12-01 18:07:22'),
('182410103090', 'FERDY DWI KURNIAWAN', 184, 285, '2018-12-01 18:07:17'),
('182410103091', 'MOHAMMAD WIDYA SOFYAN', 1818, 287, '2018-12-01 18:07:21'),
('182410103092', 'PUTU RANI SUGITA SARI', 1820, 261, '2018-12-01 18:07:22'),
('182410103093', 'RAFITA PRITI DEWI', 1817, 283, '2018-12-01 18:07:21'),
('182410103094', 'JEFRI MELIAN', 1822, 263, '2018-12-01 18:07:23'),
('182410103095', 'NOVI URFASI NURFADILAH', 1822, 274, '2018-12-01 18:07:23'),
('182410103096', 'MUHAMMAD ZAID ARROFI', 184, 264, '2018-12-01 18:07:17'),
('202410101001', 'Lilik Dwi Wulandari', 2001, 75, '2021-02-21 13:57:23'),
('202410101002', 'Nindi Fenestiyan Rahman', 2002, 75, '2021-02-21 13:57:23'),
('202410101003', 'Raihan Maulana Ramadhan', 2003, 75, '2021-02-21 13:57:23'),
('202410101004', 'Naimatul Mutamimah', 2003, 75, '2021-02-21 13:57:23'),
('202410101005', 'Ferrary Ramadhan Putra Pratama', 2004, 75, '2021-02-21 13:57:23'),
('202410101006', 'Noraini Latifah', 2004, 75, '2021-02-21 13:57:23'),
('202410101007', 'Muhamad Imam Maliki', 2005, 75, '2021-02-21 13:57:23'),
('202410101008', 'Anawinta Kumara Dewi', 2005, 75, '2021-02-21 13:57:23'),
('202410101009', 'Elvira Kurlina', 2006, 75, '2021-02-21 13:57:23'),
('202410101010', 'A. Humaidi Hasani', 2006, 76, '2021-02-22 06:18:34'),
('202410101011', 'Silvia Chevita Dewi', 2007, 75, '2021-02-21 13:57:23'),
('202410101012', 'Atika Ummul Azizia', 2008, 75, '2021-02-21 13:57:23'),
('202410101013', 'Azkiya Fadiyah Ammar', 2009, 75, '2021-02-21 13:57:23'),
('202410101014', 'Eka Setyaningrum', 2010, 75, '2021-02-21 13:57:23'),
('202410101015', 'Rina Agustin', 2011, 75, '2021-02-21 13:57:24'),
('202410101016', 'Widya Eka Riyanti', 2012, 75, '2021-02-21 13:57:24'),
('202410101017', 'Elsadora Dwiyanita Rahmadhani', 2013, 75, '2021-02-21 13:57:24'),
('202410101018', 'Siti Nurul Laili', 2014, 75, '2021-02-21 13:57:24'),
('202410101019', 'Annisa Wulandari', 2015, 75, '2021-02-21 13:57:24'),
('202410101020', 'Aisyah Auliana', 2001, 75, '2021-02-21 13:57:23'),
('202410101021', 'Ardeya Windyana', 2002, 75, '2021-02-21 13:57:23'),
('202410101022', 'Alvina Seviandari', 2003, 75, '2021-02-21 13:57:23'),
('202410101023', 'Netty Eka Arianti', 2004, 75, '2021-02-21 13:57:23'),
('202410101024', 'Rindi Ayuningtiyas', 2005, 75, '2021-02-21 13:57:23'),
('202410101025', 'Gusti Ayu Chairunnisa', 2006, 75, '2021-02-21 13:57:23'),
('202410101026', 'Ayani', 2007, 75, '2021-02-21 13:57:23'),
('202410101027', 'Bima Tribuana Putra', 2007, 75, '2021-02-21 13:57:23'),
('202410101029', 'Yohanes Rifki Bagus Pangestu', 2008, 75, '2021-02-21 13:57:23'),
('202410101030', 'Tanaya Naila Astari', 2008, 75, '2021-02-21 13:57:23'),
('202410101031', 'Risya Mauriza', 2009, 75, '2021-02-21 13:57:23'),
('202410101032', 'Widyarista Nariswari', 2010, 75, '2021-02-21 13:57:23'),
('202410101033', 'Aurelia Nur Salsabilla', 2011, 75, '2021-02-21 13:57:24'),
('202410101034', 'Viknas Tegar Ramadhani', 2009, 75, '2021-02-21 13:57:23'),
('202410101035', 'Andini Ike Budi Pramudita', 2012, 75, '2021-02-21 13:57:24'),
('202410101036', 'Andiko Yoga Wardhana', 2010, 75, '2021-02-21 13:57:23'),
('202410101037', 'Anita Silvia Budiarti', 2013, 75, '2021-02-21 13:57:24'),
('202410101038', 'Ardhia Aprilia Dewi', 2014, 75, '2021-02-21 13:57:24'),
('202410101039', 'Siti Asna Nur Ahmadita', 2015, 75, '2021-02-21 13:57:24'),
('202410101040', 'Danang Setiawan', 2011, 75, '2021-02-21 13:57:24'),
('202410101041', 'Indra Nurcahyo', 2012, 75, '2021-02-21 13:57:24'),
('202410101042', 'Muhammad Ulil Albab', 2013, 75, '2021-02-21 13:57:24'),
('202410101043', 'BILAS FEBRI DWI ANANDA', 2014, 75, '2021-02-21 13:57:24'),
('202410101044', 'Stefanus Ade Setiawan', 2015, 75, '2021-02-21 13:57:24'),
('202410101045', 'ANNIS BALQISA', 2001, 75, '2021-02-21 13:57:23'),
('202410101046', 'FAJRI SAHRUL QUR\'ANI', 2001, 75, '2021-02-21 13:57:23'),
('202410101047', 'AKBAR PUTRA DARMAWANSYAH', 2002, 75, '2021-02-21 13:57:23'),
('202410101048', 'DIDANA PUTRA ARIZONA', 2003, 75, '2021-02-21 13:57:23'),
('202410101049', 'LINANDA SAVITRI', 2002, 75, '2021-02-21 13:57:23'),
('202410101050', 'MUHAMMAD YUSUF RAMADHANI', 2004, 75, '2021-02-21 13:57:23'),
('202410101051', 'ARDI YULIANTORO', 2005, 75, '2021-02-21 13:57:23'),
('202410101052', 'M. NASRUL WAHABI', 2006, 75, '2021-02-21 13:57:23'),
('202410101053', 'NAUFALAQIL AUSTRA DWI PUTRA', 2007, 75, '2021-02-21 13:57:23'),
('202410101054', 'JOHAR BAYU KURNIAWAN', 2008, 75, '2021-02-21 13:57:23'),
('202410101055', 'ALFIAN NUR RIZKI', 2009, 75, '2021-02-21 13:57:23'),
('202410101056', 'JELANG FIKRI RAMADHAN', 2010, 75, '2021-02-21 13:57:23'),
('202410101057', 'Muhammad Hidayatur Rahman', 2011, 75, '2021-02-21 13:57:24'),
('202410101058', 'DYAH AMALINA MASTUROH', 2003, 75, '2021-02-21 13:57:23'),
('202410101059', 'Ariza Azahra Syuviana', 2004, 75, '2021-02-21 13:57:23'),
('202410101060', 'SEBASTIAN GAVIN HARYAKA', 2012, 75, '2021-02-21 13:57:24'),
('202410101061', 'AULIA SISDWIPUTRI', 2005, 75, '2021-02-21 13:57:23'),
('202410101062', 'ARUM MELINDA PUTRI', 2006, 75, '2021-02-21 13:57:23'),
('202410101063', 'SHELSA NOVITA NA\'IMMATUL JANNAH', 2007, 75, '2021-02-21 13:57:23'),
('202410101064', 'FARUQ ABDUL HAKIM', 2013, 75, '2021-02-21 13:57:24'),
('202410101066', 'RAMADHANI WIJAYA', 2014, 75, '2021-02-21 13:57:24'),
('202410101067', 'TARIZA NUR FADILAH', 2008, 75, '2021-02-21 13:57:23'),
('202410101068', 'DAFFA ALIFFATUR AHNAF', 2015, 75, '2021-02-21 13:57:24'),
('202410101069', 'ADRISTA YAFRI AGRAPRANA', 2001, 75, '2021-02-21 13:57:23'),
('202410101070', 'Nur Muhammad Himawan', 2002, 75, '2021-02-21 13:57:23'),
('202410101071', 'RIESCO ALIEF FRENDNANDA EDITYA', 2003, 75, '2021-02-21 13:57:23'),
('202410101072', 'Pradana Febrian Murtadlo', 2004, 75, '2021-02-21 13:57:23'),
('202410101073', 'NOVIANDARI FARAH CAHYANINGTYAS', 2009, 75, '2021-02-21 13:57:23'),
('202410101074', 'EROSS RADITYA', 2005, 75, '2021-02-21 13:57:23'),
('202410101075', 'Sania Auliyana Diatri', 2010, 75, '2021-02-21 13:57:23'),
('202410101076', 'WAHYU ADI PRASETYO', 2006, 75, '2021-02-21 13:57:23'),
('202410101077', 'Azimatul Hanafiyah', 2011, 75, '2021-02-21 13:57:24'),
('202410101078', 'RIRIN TRISTANTI', 2012, 75, '2021-02-21 13:57:24'),
('202410101079', 'TALITHA FADIA JAUZA', 2013, 75, '2021-02-21 13:57:24'),
('202410101080', 'ZAIDAN NUR MUHAMMAD DAFFA', 2007, 75, '2021-02-21 13:57:23'),
('202410101081', 'VARREL DWITANTIO PURWADIANSYAH', 2008, 75, '2021-02-21 13:57:23'),
('202410101082', 'RIDAYANTI YOVIANDRI', 2014, 75, '2021-02-21 13:57:24'),
('202410101083', 'Nur Hanifah Rahmah', 2015, 75, '2021-02-21 13:57:24'),
('202410101084', 'ERLIN NURIYA SAFITRI', 2001, 75, '2021-02-21 13:57:23'),
('202410101085', 'NIKE ANANDA PUTRI', 2002, 75, '2021-02-21 13:57:23'),
('202410101086', 'FATKHAN ILA MAULIDA', 2003, 75, '2021-02-21 13:57:23'),
('202410101087', 'BILLY ELZAM KUSUMA', 2009, 75, '2021-02-21 13:57:23'),
('202410101088', 'ACHMAD MABRUR', 2010, 75, '2021-02-21 13:57:23'),
('202410101089', 'Bismaka Aurent Faradyan', 2011, 75, '2021-02-21 13:57:24'),
('202410101090', 'Azril Izha Rachman', 2012, 75, '2021-02-21 13:57:24'),
('202410101091', 'Mila Kurnia Aziza Prapilianti', 2004, 75, '2021-02-21 13:57:23'),
('202410101092', 'CAHYA ADINATA SINGGIH', 2013, 75, '2021-02-21 13:57:24'),
('202410101093', 'M. ARIF ABDILLAH', 2014, 75, '2021-02-21 13:57:24'),
('202410101094', 'Akbar Ainul Yaqien', 2015, 75, '2021-02-21 13:57:24'),
('202410101095', 'SELLA EKA SAFITRI', 2005, 75, '2021-02-21 13:57:23'),
('202410101096', 'Nada Dewata', 2001, 75, '2021-02-21 13:57:23'),
('202410101097', 'LAILITA NUR CARMELA', 2006, 75, '2021-02-21 13:57:23'),
('202410101098', 'Hilda Nurwakidah Jazimah', 2007, 75, '2021-02-21 13:57:23'),
('202410101099', 'SITI NADIVA SAM\'IYA', 2008, 75, '2021-02-21 13:57:23'),
('202410101100', 'Naadiyatushofia', 2009, 75, '2021-02-21 13:57:23'),
('202410101101', 'MUHAMMAD FARHAN BINASHRILLAH', 2002, 75, '2021-02-21 13:57:23'),
('202410101102', 'DIMAS SATRIA NUGRAHA', 2003, 75, '2021-02-21 13:57:23'),
('202410101103', 'ADHITYA HARI SAPUTRA', 2004, 75, '2021-02-21 13:57:23'),
('202410101104', 'IQBAL ALI BASYAIR', 2005, 75, '2021-02-21 13:57:23'),
('202410101105', 'JASTIN THEO HARIYONO', 2006, 75, '2021-02-21 13:57:23'),
('202410101106', 'TAHTA NIMAS PUTRI RAHAYU', 2010, 75, '2021-02-21 13:57:23'),
('202410101107', 'REVINA HANI RAHMADILLA', 2011, 75, '2021-02-21 13:57:24'),
('202410101108', 'RAHMAWATI RIZKI WARDHANI', 2012, 75, '2021-02-21 13:57:24'),
('202410101109', 'KIRANA MAHARDIKA', 2013, 75, '2021-02-21 13:57:24'),
('202410101110', 'ANGGI PUTRI FAMUNGKAS', 2014, 75, '2021-02-21 13:57:24'),
('202410101111', 'ASTRI AULIYA ARDINI', 2015, 75, '2021-02-21 13:57:24'),
('202410101112', 'Bachtiar Diaz Dzulfikar', 2007, 75, '2021-02-21 13:57:23'),
('202410101113', 'Jazzy Arminta Irmadella', 2001, 75, '2021-02-21 13:57:23'),
('202410101114', 'RENJI RIZKI MAULANA', 2008, 75, '2021-02-21 13:57:23'),
('202410101115', 'RIO ADISTYA SAPUTRA', 2009, 75, '2021-02-21 13:57:23'),
('202410101116', 'SALSABILLA RAMADHANI', 2002, 75, '2021-02-21 13:57:23'),
('202410101117', 'HENDRA HERMAWAN', 2010, 75, '2021-02-21 13:57:23'),
('202410101118', 'MUHAMMAD AMIRUL MUKMININ', 2011, 75, '2021-02-21 13:57:24'),
('202410101119', 'AULYA DWITYASA PUTRI', 2003, 75, '2021-02-21 13:57:23'),
('202410101120', 'NAUFAL REZA PAHLEVI', 2012, 75, '2021-02-21 13:57:24'),
('202410101121', 'ARIFAH NOLIKA STYA', 2004, 75, '2021-02-21 13:57:23'),
('202410101122', 'AULIA SINTA RAHMALIA PUTRI', 2005, 75, '2021-02-21 13:57:23'),
('202410101123', 'Achmad Azka Muaffan Sutomo Putra', 2013, 75, '2021-02-21 13:57:24'),
('202410101124', 'Muhammad Rashif razanah', 2014, 75, '2021-02-21 13:57:24'),
('202410101125', 'HANIVA NAINA ZEIN', 2006, 75, '2021-02-21 13:57:23'),
('202410101126', 'SHAFIRA CAHYA NANDA HERITA', 2007, 75, '2021-02-21 13:57:23'),
('202410101127', 'Carenina Atiyar Pangastuti', 2008, 75, '2021-02-21 13:57:23'),
('202410101128', 'Alifta Rafika Suhan', 2009, 75, '2021-02-21 13:57:23'),
('202410101129', 'Dimas Galih Argi Pangestu', 2015, 75, '2021-02-21 13:57:24'),
('202410101130', 'Pramudya Widi Pradipta', 2001, 75, '2021-02-21 13:57:23'),
('202410101131', 'Mochammad Dwi Rizky', 2002, 75, '2021-02-21 13:57:23'),
('202410101132', 'Tiara dwi meilinda aisa', 2010, 75, '2021-02-21 13:57:23'),
('202410101133', 'CHOIRUNNISA NUR DIANA', 2011, 75, '2021-02-21 13:57:24'),
('202410101134', 'Hesty Anggreini Tyas', 2012, 75, '2021-02-21 13:57:24'),
('202410101135', 'Inez Cordellia', 2013, 75, '2021-02-21 13:57:24'),
('202410101136', 'Dhiya Ulhaq Brilianty Mohamad', 2014, 75, '2021-02-21 13:57:24'),
('202410101137', 'Dewana Kretarta Lokeswara', 2003, 75, '2021-02-21 13:57:23'),
('202410101138', 'LUTFIA NABILA NAZMI LAIL', 2015, 75, '2021-02-21 13:57:24'),
('202410101139', 'Krisna Wibowo Heri Saputro', 2004, 75, '2021-02-21 13:57:23'),
('202410101140', 'ADINDA SALSABILA ZAHRAH', 2001, 75, '2021-02-21 13:57:23'),
('202410101141', 'ARREL KURNIAWAN', 2005, 75, '2021-02-21 13:57:23'),
('202410101142', 'Nabila Fortune Muslimah', 2002, 75, '2021-02-21 13:57:23'),
('202410101143', 'Mirzan Abdullah', 2006, 75, '2021-02-21 13:57:23'),
('202410101144', 'Ghozi Dhiya Ulhaq', 2007, 75, '2021-02-21 13:57:23'),
('202410101145', 'SASMITO ADI', 2008, 75, '2021-02-21 13:57:23'),
('202410101146', 'Mufrih Madjid', 2009, 75, '2021-02-21 13:57:23'),
('202410101147', 'FRANS VITO JONATHAN SIMAMORA', 2010, 75, '2021-02-21 13:57:23'),
('212410101001', 'AULIA DAYU RIZKHA', 2112, 75, NULL),
('212410101002', 'LINTANG AURA SYUFEE', 2113, 75, NULL),
('212410101003', 'MUHAMMAD REYHAN FAIZ MAHENDRA', 2110, 75, NULL),
('212410101004', 'SHAFIRA NURIN QOLBI', 2114, 75, NULL),
('212410101005', 'Christianus Yoga Wibisono', 2108, 75, NULL),
('212410101006', 'LINTANG RAHADHINI KUSUMASTUTI', 2105, 75, NULL),
('212410101007', 'Isnaini Robitoh', 2104, 75, NULL),
('212410101008', 'ISNAENI', 2103, 75, NULL),
('212410101009', 'DWI RIA LATIFA', 2102, 75, NULL),
('212410101010', 'ALFAN FADILLAH FIRMANSYAH', 2109, 75, NULL),
('212410101011', 'Rozika Fildzainur Afifah', 2101, 75, NULL),
('212410101012', 'ANISA NURLAILIA', 2110, 75, NULL),
('212410101013', 'Riyatnandar Wahyu Wasono Aji', 2106, 75, NULL),
('212410101014', 'Adelia Wulan Widiyanti', 2109, 75, NULL),
('212410101015', 'FARDA SALSABILLA', 2108, 75, NULL),
('212410101016', 'MUHAMAD IQBAL ALAN FAWAID', 2107, 75, NULL),
('212410101017', 'CHINTYA DEWI PUSPITA SARI', 2107, 75, NULL),
('212410101018', 'SUFIYYA MAHDANIA', 2106, 75, NULL);
INSERT INTO `mahasiswas` (`nim`, `nama`, `idKelompok`, `nilaiAkhir`, `updated_at`) VALUES
('212410101019', 'Cesar Mutiara Ridhani', 2111, 75, NULL),
('212410101020', 'VIORETTA JOCELINDA', 2112, 75, NULL),
('212410101021', 'ASYAM RAZAQ ARDISYAHPUTRA', 2111, 75, NULL),
('212410101022', 'ARDHI ZAKHIRUL QOLBY', 2112, 75, NULL),
('212410101023', 'Medita Triwarsa Sapta Pratiwi', 2113, 75, NULL),
('212410101024', 'Nur Azizah Wahyunia Putri', 2114, 75, NULL),
('212410101025', 'Amelia Puspita Wardani', 2105, 75, NULL),
('212410101026', 'AISHAA SAFFANAH ZAHRA', 2104, 75, NULL),
('212410101027', 'ANINDYA RENITA FIRSTANTI', 2103, 75, NULL),
('212410101028', 'ALIFARGA KRESNAYOGA SUSANTO', 2113, 75, NULL),
('212410101029', 'RIZKY AMALIA FITRIANI', 2102, 75, NULL),
('212410101030', 'IDRIS MUHAMMAD', 2114, 75, NULL),
('212410101031', 'Naufal Eka Pramudita', 2105, 75, NULL),
('212410101032', 'Niko Muhamad Fajar', 2104, 75, NULL),
('212410101033', 'Muhammad Ilham Yahya', 2103, 75, NULL),
('212410101034', 'MONICA NOVELIA PUSPITA', 2101, 75, NULL),
('212410101035', 'Bima Satria Nugraha', 2102, 75, NULL),
('212410101036', 'HAFIZ AS\'AD', 2101, 75, NULL),
('212410101037', 'AHMAD RIAN FEBRIANTO', 2110, 75, NULL),
('212410101038', 'SHOLIHA NABITA', 2110, 75, NULL),
('212410101039', 'JESSICA RATU AGHNIA', 2109, 75, NULL),
('212410101040', 'Raihan Badruz Zaman', 2109, 75, NULL),
('212410101041', 'CIKO TEGAR SAPUTRA', 2108, 75, NULL),
('212410101042', 'VENI HERAWATI', 2108, 75, NULL),
('212410101044', 'STEFANY AMANDA KURNIAWAN', 2107, 75, NULL),
('212410101045', 'Alexander Dwi Putra Gultom', 2107, 75, NULL),
('212410101046', 'HANA SYARIFAH KHOIRUNNISA', 2106, 75, NULL),
('212410101047', 'FERLI FITROTUS SAFI\'AH', 2111, 75, NULL),
('212410101048', 'SALMA SALSABILA', 2112, 75, NULL),
('212410101049', 'VINA MAULINA RAHMAWATI', 2113, 75, NULL),
('212410101050', 'Qonita Adna Mavaza', 2114, 75, NULL),
('212410101051', 'Intan Larasati Anisa Rahma', 2105, 75, NULL),
('212410101052', 'Wiwoho Kusumo Nugroho Kadarman', 2106, 75, NULL),
('212410101053', 'FERNAND ANDREAN RIVA\'I', 2111, 75, NULL),
('212410101054', 'MUHADZDZIB DZAKY ZAIDAN', 2112, 75, NULL),
('212410101055', 'Anggito Karta Wijaya', 2113, 75, NULL),
('212410101056', 'ANDIKA RYAN NURSHODIQ', 2114, 75, NULL),
('212410101057', 'RENATA SAYIDATUL ARIKHA', 2104, 75, NULL),
('212410101058', 'RIZKY AMALIA', 2103, 75, NULL),
('212410101059', 'ISABEL APRILIA ARASYAH RAHMAYATI', 2102, 75, NULL),
('212410101060', 'ANANDA EKA ALYA YUNIAR', 2101, 75, NULL),
('212410101061', 'Mohammad Irfan Maulana', 2105, 75, NULL),
('212410101062', 'Nilna Fadhilah', 2110, 75, NULL),
('212410101063', 'ILHAM AGUNG PRAYOGO', 2104, 75, NULL),
('212410101064', 'Hermawan Sutanto', 2103, 75, NULL),
('212410101065', 'MOCHAMAD BRILIANTA ARDINDAYUDA PUTRA', 2102, 75, NULL),
('212410101066', 'Yosephine Hasianna', 2109, 75, NULL),
('212410101067', 'DEWANATA HAMMADA', 2101, 75, NULL),
('212410101068', 'ZAHILLA NIKEN FIRDAUSYAH', 2108, 75, NULL),
('212410101069', 'REIHAN ALI ZIDAN', 2110, 75, NULL),
('212410101070', 'Ivansyah Zuriel Putra Agata', 2109, 75, NULL),
('212410101071', 'APRODHITA NANDA EKA WIJAYA', 2107, 75, NULL),
('212410101072', 'DIMAS RIDHA ROYAN RAMADHAN', 2108, 75, NULL),
('212410101073', 'ACHMAD FARIS FADHAIL', 2107, 75, NULL),
('212410101074', 'ALIYA SHOFIATUN NISA`', 2106, 75, NULL),
('212410101075', 'DERA EKA ARDITA', 2111, 75, NULL),
('212410101076', 'NURINA KURNIA DEWI', 2112, 75, NULL),
('212410101077', 'Hilga Yowinfa Zamharir', 2106, 75, NULL),
('212410101078', 'DIMAS BAGUS IRAWAN', 2111, 75, NULL),
('212410101079', 'ZIDAN ZAKARIA', 2112, 75, NULL),
('212410101080', 'AFITA GANDA RIZKA', 2111, 75, NULL),
('212410101082', 'M. RAFI THUFAIL', 2114, 75, NULL),
('212410101083', 'NAUFAL DANENDRA', 2105, 75, NULL),
('212410101084', 'Alvania Tiara Zulfa', 2113, 75, NULL),
('212410101085', 'Rafi Tri Tanaya', 2104, 75, NULL),
('212410101086', 'NAUFEL KINANDANA LOVYSANDHIKA', 2103, 75, NULL),
('212410101087', 'Varenza Gibran Denato Kesowo', 2102, 75, NULL),
('212410101088', 'ESTI DWI NURAINI', 2114, 75, NULL),
('212410101089', 'IFFAT NABIL WIRIDANA', 2101, 75, NULL),
('212410101090', 'EVAN PASHA ALBERTA RAFI', 2110, 75, NULL),
('212410101091', 'INTAN AULIA WAHYU IKE RIZQI SEKAR KINANTI', 2105, 75, NULL),
('212410101092', 'Julyetta Saraswati', 2104, 75, NULL),
('212410101093', 'Muhamad Farhan', 2109, 75, NULL),
('212410101094', 'WINURSITA DEVI PRAMESTHI', 2103, 75, NULL),
('212410101097', 'FAHREL AHMAD AL RAZAK', 2108, 75, NULL),
('212410101098', 'SELVI AULIA NILASARI', 2102, 75, NULL),
('212410101099', 'Ester Charenina Yoga Saputri', 2101, 75, NULL),
('212410101100', 'ARDIAN PRIMINGGADI', 2107, 75, NULL),
('212410101101', 'ANDO ZAMHARIRO ROYAN', 2106, 75, NULL),
('212410101102', 'Yonatan Setiawan', 2113, 75, NULL);

-- --------------------------------------------------------

--
-- Struktur dari tabel `migrations`
--

CREATE TABLE `migrations` (
  `id` int(10) UNSIGNED NOT NULL,
  `migration` varchar(191) COLLATE utf8mb4_unicode_ci NOT NULL,
  `batch` int(11) NOT NULL
) ENGINE=InnoDB DEFAULT CHARSET=utf8mb4 COLLATE=utf8mb4_unicode_ci;

--
-- Dumping data untuk tabel `migrations`
--

INSERT INTO `migrations` (`id`, `migration`, `batch`) VALUES
(1, '2014_10_12_000000_create_users_table', 1),
(2, '2014_10_12_100000_create_password_resets_table', 1);

-- --------------------------------------------------------

--
-- Struktur dari tabel `nilais`
--

CREATE TABLE `nilais` (
  `idNilai` int(11) NOT NULL,
  `nim` varchar(12) NOT NULL,
  `idKategori` int(11) NOT NULL,
  `tanggal` date DEFAULT NULL,
  `keterangan` varchar(160) DEFAULT NULL,
  `nilai` int(11) NOT NULL,
  `updated_at` timestamp NOT NULL DEFAULT current_timestamp() ON UPDATE current_timestamp(),
  `created_at` timestamp NOT NULL DEFAULT '0000-00-00 00:00:00'
) ENGINE=InnoDB DEFAULT CHARSET=utf8;

-- --------------------------------------------------------

--
-- Struktur dari tabel `password_resets`
--

CREATE TABLE `password_resets` (
  `email` varchar(191) COLLATE utf8mb4_unicode_ci NOT NULL,
  `token` varchar(191) COLLATE utf8mb4_unicode_ci NOT NULL,
  `created_at` timestamp NULL DEFAULT NULL
) ENGINE=InnoDB DEFAULT CHARSET=utf8mb4 COLLATE=utf8mb4_unicode_ci;

-- --------------------------------------------------------

--
-- Struktur dari tabel `sheet1`
--

CREATE TABLE `sheet1` (
  `namaKelompok` varchar(24) DEFAULT NULL
) ENGINE=InnoDB DEFAULT CHARSET=utf8;

--
-- Dumping data untuk tabel `sheet1`
--

INSERT INTO `sheet1` (`namaKelompok`) VALUES
('Visual studio code (VSC)'),
('Atom'),
('Bluefish'),
('Vim'),
('Emacs'),
('Brackets'),
('Geany'),
('Froala'),
('Kite'),
('Intype'),
('Gedit'),
('IntelliJ'),
('Pycharm'),
('Netbeans'),
('Visual studio code (VSC)'),
('Atom'),
('Bluefish'),
('Vim'),
('Emacs'),
('Brackets'),
('Geany'),
('Froala'),
('Kite'),
('Intype'),
('Gedit'),
('IntelliJ'),
('Pycharm'),
('Netbeans');

-- --------------------------------------------------------

--
-- Struktur dari tabel `users`
--

CREATE TABLE `users` (
  `id` int(10) UNSIGNED NOT NULL,
  `name` varchar(191) COLLATE utf8mb4_unicode_ci NOT NULL,
  `email` varchar(191) COLLATE utf8mb4_unicode_ci NOT NULL,
  `password` varchar(191) COLLATE utf8mb4_unicode_ci NOT NULL,
  `remember_token` varchar(100) COLLATE utf8mb4_unicode_ci DEFAULT NULL,
  `created_at` timestamp NULL DEFAULT NULL,
  `updated_at` timestamp NULL DEFAULT NULL
) ENGINE=InnoDB DEFAULT CHARSET=utf8mb4 COLLATE=utf8mb4_unicode_ci;

--
-- Dumping data untuk tabel `users`
--

INSERT INTO `users` (`id`, `name`, `email`, `password`, `remember_token`, `created_at`, `updated_at`) VALUES
(1, 'Ngadimin', 'miqdad.farcha@gmail.com', '$2y$10$CVmJsPtCFycZ5n1m1uWxQuVdVvICSmB0XQBpQ4Qm/E0TPnnJ31uAW', '0LuBt11RZgLJeDMlwIVwW5CGCbvQZSnt4nPqIfucOv9kHQ5H5dck7SjgCoGP', '2018-08-26 08:14:31', '2018-08-26 08:14:31'),
(2, 'Komdis Mik', 'komdis@ilkomunej.com', '$2y$12$Ftzdv96/vPwKK5krDhCs.ujD7tUVsWrHi2roWCLl4vIR7uOjL/JwO', 'DiEtRvRcZZXXQuwpcTjupwKtllB4oVt5zvVJ2eYAbfXAAab3Ic9OPz8OAgN5', '2018-08-30 19:45:48', '2018-08-30 19:45:48');

--
-- Indexes for dumped tables
--

--
-- Indeks untuk tabel `angkatans`
--
ALTER TABLE `angkatans`
  ADD PRIMARY KEY (`idAngkatan`);

--
-- Indeks untuk tabel `kategoris`
--
ALTER TABLE `kategoris`
  ADD PRIMARY KEY (`idKategori`);

--
-- Indeks untuk tabel `kelompoks`
--
ALTER TABLE `kelompoks`
  ADD PRIMARY KEY (`idKelompok`),
  ADD KEY `idAngkatan` (`idAngkatan`),
  ADD KEY `idAngkatan_2` (`idAngkatan`);

--
-- Indeks untuk tabel `links`
--
ALTER TABLE `links`
  ADD PRIMARY KEY (`id`);

--
-- Indeks untuk tabel `mahasiswas`
--
ALTER TABLE `mahasiswas`
  ADD PRIMARY KEY (`nim`),
  ADD KEY `idKelompok` (`idKelompok`);

--
-- Indeks untuk tabel `migrations`
--
ALTER TABLE `migrations`
  ADD PRIMARY KEY (`id`);

--
-- Indeks untuk tabel `nilais`
--
ALTER TABLE `nilais`
  ADD PRIMARY KEY (`idNilai`),
  ADD KEY `idKategori` (`idKategori`),
  ADD KEY `nim` (`nim`);

--
-- Indeks untuk tabel `password_resets`
--
ALTER TABLE `password_resets`
  ADD KEY `password_resets_email_index` (`email`);

--
-- Indeks untuk tabel `users`
--
ALTER TABLE `users`
  ADD PRIMARY KEY (`id`),
  ADD UNIQUE KEY `users_email_unique` (`email`);

--
-- AUTO_INCREMENT untuk tabel yang dibuang
--

--
-- AUTO_INCREMENT untuk tabel `angkatans`
--
ALTER TABLE `angkatans`
  MODIFY `idAngkatan` int(11) NOT NULL AUTO_INCREMENT, AUTO_INCREMENT=1001;

--
-- AUTO_INCREMENT untuk tabel `kategoris`
--
ALTER TABLE `kategoris`
  MODIFY `idKategori` int(11) NOT NULL AUTO_INCREMENT, AUTO_INCREMENT=85;

--
-- AUTO_INCREMENT untuk tabel `kelompoks`
--
ALTER TABLE `kelompoks`
  MODIFY `idKelompok` int(11) NOT NULL AUTO_INCREMENT, AUTO_INCREMENT=100019;

--
-- AUTO_INCREMENT untuk tabel `links`
--
ALTER TABLE `links`
  MODIFY `id` int(11) NOT NULL AUTO_INCREMENT, AUTO_INCREMENT=5;

--
-- AUTO_INCREMENT untuk tabel `migrations`
--
ALTER TABLE `migrations`
  MODIFY `id` int(10) UNSIGNED NOT NULL AUTO_INCREMENT, AUTO_INCREMENT=3;

--
-- AUTO_INCREMENT untuk tabel `nilais`
--
ALTER TABLE `nilais`
  MODIFY `idNilai` int(11) NOT NULL AUTO_INCREMENT;

--
-- AUTO_INCREMENT untuk tabel `users`
--
ALTER TABLE `users`
  MODIFY `id` int(10) UNSIGNED NOT NULL AUTO_INCREMENT, AUTO_INCREMENT=3;

--
-- Ketidakleluasaan untuk tabel pelimpahan (Dumped Tables)
--

--
-- Ketidakleluasaan untuk tabel `kelompoks`
--
ALTER TABLE `kelompoks`
  ADD CONSTRAINT `kelompoks_ibfk_1` FOREIGN KEY (`idAngkatan`) REFERENCES `angkatans` (`idAngkatan`) ON DELETE NO ACTION ON UPDATE CASCADE;

--
-- Ketidakleluasaan untuk tabel `mahasiswas`
--
ALTER TABLE `mahasiswas`
  ADD CONSTRAINT `mahasiswas_ibfk_1` FOREIGN KEY (`idKelompok`) REFERENCES `kelompoks` (`idKelompok`) ON DELETE NO ACTION ON UPDATE CASCADE;

--
-- Ketidakleluasaan untuk tabel `nilais`
--
ALTER TABLE `nilais`
  ADD CONSTRAINT `nilais_ibfk_1` FOREIGN KEY (`nim`) REFERENCES `mahasiswas` (`nim`) ON DELETE NO ACTION ON UPDATE CASCADE;
COMMIT;

/*!40101 SET CHARACTER_SET_CLIENT=@OLD_CHARACTER_SET_CLIENT */;
/*!40101 SET CHARACTER_SET_RESULTS=@OLD_CHARACTER_SET_RESULTS */;
/*!40101 SET COLLATION_CONNECTION=@OLD_COLLATION_CONNECTION */;
